,Date,Open,High,Low,Close,Volume
0,2016-05-19,1248.0,1255.5,1247.5,1254.199951171875,69.0
1,2016-05-20,1256.5999755859375,1256.5999755859375,1252.4000244140625,1252.4000244140625,44.0
2,2016-05-23,1251.5999755859375,1251.5999755859375,1247.5,1251.0999755859375,56.0
3,2016-05-24,1240.0,1240.0,1228.199951171875,1228.9000244140625,20.0
4,2016-05-25,1219.300048828125,1223.5,1218.5999755859375,1223.5,5.0
5,2016-05-26,1232.5999755859375,1232.5999755859375,1220.0999755859375,1220.0999755859375,199778.0
6,2016-05-27,1220.300048828125,1223.199951171875,1206.4000244140625,1213.800048828125,63739.0
7,2016-05-31,1212.5,1217.5999755859375,1199.0,1214.800048828125,6432.0
8,2016-06-01,1215.699951171875,1219.800048828125,1205.4000244140625,1211.9000244140625,2717.0
9,2016-06-02,1212.4000244140625,1217.0,1209.5999755859375,1209.800048828125,1627.0
10,2016-06-03,1209.0999755859375,1244.5,1206.4000244140625,1240.0999755859375,1622.0
11,2016-06-06,1244.4000244140625,1247.300048828125,1240.0,1244.5999755859375,1135.0
12,2016-06-07,1244.0,1244.9000244140625,1236.5,1244.4000244140625,281.0
13,2016-06-08,1247.5999755859375,1264.0,1247.300048828125,1259.800048828125,406.0
14,2016-06-09,1262.5,1271.4000244140625,1258.0999755859375,1270.199951171875,381.0
15,2016-06-10,1267.5999755859375,1278.0,1265.300048828125,1273.4000244140625,397.0
16,2016-06-13,1276.199951171875,1287.300048828125,1273.0,1284.4000244140625,328.0
17,2016-06-14,1281.800048828125,1289.699951171875,1277.800048828125,1285.5999755859375,554.0
18,2016-06-15,1284.5999755859375,1296.199951171875,1278.800048828125,1285.800048828125,162.0
19,2016-06-16,1296.300048828125,1316.4000244140625,1281.0999755859375,1296.0999755859375,251.0
20,2016-06-17,1280.300048828125,1300.0999755859375,1280.300048828125,1292.5,129.0
21,2016-06-20,1288.9000244140625,1291.199951171875,1280.300048828125,1290.0,153.0
22,2016-06-21,1293.9000244140625,1293.9000244140625,1266.300048828125,1270.5,134.0
23,2016-06-22,1267.0,1269.199951171875,1264.9000244140625,1268.0,53.0
24,2016-06-23,1263.4000244140625,1270.5,1255.199951171875,1261.199951171875,218.0
25,2016-06-24,1253.699951171875,1355.5999755859375,1253.699951171875,1320.0,694.0
26,2016-06-27,1330.0,1331.699951171875,1320.0,1322.5,92.0
27,2016-06-28,1314.800048828125,1315.5999755859375,1314.0999755859375,1315.300048828125,1072.0
28,2016-06-29,1311.5999755859375,1327.4000244140625,1311.5999755859375,1323.9000244140625,414.0
29,2016-06-30,1315.800048828125,1323.5,1314.5,1318.4000244140625,560.0
30,2016-07-01,1324.5,1344.199951171875,1321.9000244140625,1336.699951171875,137.0
31,2016-07-05,1342.199951171875,1356.800048828125,1339.699951171875,1356.4000244140625,90.0
32,2016-07-06,1359.0,1374.9000244140625,1359.0,1364.9000244140625,130.0
33,2016-07-07,1366.800048828125,1368.5999755859375,1350.5,1360.0999755859375,207.0
34,2016-07-08,1361.300048828125,1365.800048828125,1335.0,1356.5999755859375,249.0
35,2016-07-11,1371.699951171875,1371.800048828125,1353.0,1355.0,26.0
36,2016-07-12,1353.5999755859375,1356.0,1330.300048828125,1334.0999755859375,252.0
37,2016-07-13,1341.5,1342.4000244140625,1336.699951171875,1342.4000244140625,7.0
38,2016-07-14,1341.4000244140625,1341.4000244140625,1322.699951171875,1331.300048828125,20.0
39,2016-07-15,1333.699951171875,1333.699951171875,1322.9000244140625,1326.5,52.0
40,2016-07-18,1327.5,1335.0,1326.199951171875,1328.4000244140625,54.0
41,2016-07-19,1328.5,1333.199951171875,1326.4000244140625,1331.5,322.0
42,2016-07-20,1331.0,1337.5,1315.5,1318.800048828125,751.0
43,2016-07-21,1312.800048828125,1330.5,1312.800048828125,1330.5,318.0
44,2016-07-22,1330.699951171875,1330.699951171875,1320.4000244140625,1323.0999755859375,55.0
45,2016-07-25,1315.699951171875,1319.300048828125,1313.800048828125,1319.300048828125,548.0
46,2016-07-26,1315.199951171875,1320.699951171875,1315.199951171875,1320.699951171875,63.0
47,2016-07-27,1326.0,1326.5999755859375,1326.0,1326.5999755859375,215388.0
48,2016-07-28,1339.5,1344.300048828125,1330.0999755859375,1332.300048828125,56908.0
49,2016-07-29,1333.199951171875,1353.300048828125,1325.800048828125,1349.0,6076.0
50,2016-08-01,1348.800048828125,1353.5,1345.5999755859375,1351.4000244140625,1257.0
51,2016-08-02,1352.0999755859375,1366.0,1346.5999755859375,1364.4000244140625,2941.0
52,2016-08-03,1362.4000244140625,1364.699951171875,1353.300048828125,1356.0999755859375,715.0
53,2016-08-04,1354.4000244140625,1361.5999755859375,1347.0,1358.800048828125,381.0
54,2016-08-05,1357.5999755859375,1360.800048828125,1333.699951171875,1336.4000244140625,1107.0
55,2016-08-08,1330.0,1335.4000244140625,1327.800048828125,1333.4000244140625,587.0
56,2016-08-09,1331.800048828125,1339.4000244140625,1328.5,1339.0,620.0
57,2016-08-10,1344.800048828125,1354.199951171875,1344.300048828125,1344.300048828125,110.0
58,2016-08-11,1341.5999755859375,1350.4000244140625,1334.800048828125,1342.5,666.0
59,2016-08-12,1336.800048828125,1351.800048828125,1333.199951171875,1335.800048828125,113.0
60,2016-08-15,1336.5,1340.5999755859375,1333.5999755859375,1340.300048828125,62.0
61,2016-08-16,1342.199951171875,1355.0,1341.0,1350.5,338.0
62,2016-08-17,1345.5,1347.300048828125,1338.5999755859375,1342.699951171875,135.0
63,2016-08-18,1351.300048828125,1354.4000244140625,1348.199951171875,1351.199951171875,140.0
64,2016-08-19,1350.0999755859375,1350.0999755859375,1338.5999755859375,1340.4000244140625,197.0
65,2016-08-22,1334.4000244140625,1337.699951171875,1333.300048828125,1337.699951171875,117.0
66,2016-08-23,1337.0,1341.199951171875,1334.300048828125,1340.5999755859375,551.0
67,2016-08-24,1337.199951171875,1337.199951171875,1322.9000244140625,1324.4000244140625,262.0
68,2016-08-25,1321.4000244140625,1324.0,1317.0,1320.0999755859375,58.0
69,2016-08-26,1323.800048828125,1340.5,1320.0999755859375,1321.5,141.0
70,2016-08-29,1315.0,1323.0,1315.0,1322.9000244140625,437.0
71,2016-08-30,1322.0,1322.0999755859375,1308.0,1311.699951171875,705.0
72,2016-08-31,1310.300048828125,1313.699951171875,1306.300048828125,1306.9000244140625,214.0
73,2016-09-01,1305.300048828125,1313.0999755859375,1301.5,1312.199951171875,225.0
74,2016-09-02,1309.5999755859375,1326.699951171875,1309.199951171875,1322.0999755859375,55.0
75,2016-09-06,1323.300048828125,1349.4000244140625,1323.199951171875,1349.4000244140625,46.0
76,2016-09-07,1348.4000244140625,1350.5,1343.9000244140625,1344.300048828125,14.0
77,2016-09-08,1344.800048828125,1345.4000244140625,1335.699951171875,1336.800048828125,30.0
78,2016-09-09,1338.5,1338.5,1328.0,1330.0999755859375,35.0
79,2016-09-12,1327.0,1329.300048828125,1319.9000244140625,1321.0,177.0
80,2016-09-13,1324.5999755859375,1324.5999755859375,1315.0,1319.0,79.0
81,2016-09-14,1319.199951171875,1322.300048828125,1319.199951171875,1321.5,73.0
82,2016-09-15,1320.699951171875,1320.699951171875,1310.800048828125,1313.5,37.0
83,2016-09-16,1312.199951171875,1312.5999755859375,1305.800048828125,1305.800048828125,4.0
84,2016-09-19,1313.5,1313.5,1313.5,1313.5,20.0
85,2016-09-20,1313.699951171875,1313.699951171875,1313.699951171875,1313.699951171875,97.0
86,2016-09-21,1326.300048828125,1326.9000244140625,1324.0,1326.9000244140625,76.0
87,2016-09-22,1338.5999755859375,1340.4000244140625,1338.199951171875,1340.4000244140625,23.0
88,2016-09-23,1337.199951171875,1337.199951171875,1337.199951171875,1337.199951171875,40.0
89,2016-09-26,1335.199951171875,1341.800048828125,1335.199951171875,1339.699951171875,24.0
90,2016-09-27,1328.0,1328.699951171875,1325.9000244140625,1325.9000244140625,48.0
91,2016-09-28,1319.4000244140625,1319.4000244140625,1319.4000244140625,1319.4000244140625,10551.0
92,2016-09-29,1321.199951171875,1325.0,1314.699951171875,1321.699951171875,6108.0
93,2016-09-30,1320.5999755859375,1327.699951171875,1312.9000244140625,1313.300048828125,868.0
94,2016-10-03,1313.5,1316.800048828125,1308.199951171875,1309.0,299.0
95,2016-10-04,1307.5999755859375,1310.199951171875,1266.300048828125,1266.300048828125,1893.0
96,2016-10-05,1272.0999755859375,1274.0,1261.300048828125,1265.199951171875,246.0
97,2016-10-06,1265.300048828125,1265.300048828125,1249.800048828125,1249.800048828125,114.0
98,2016-10-07,1253.9000244140625,1263.5999755859375,1248.9000244140625,1248.9000244140625,169.0
99,2016-10-11,1258.9000244140625,1258.9000244140625,1253.0,1253.0,26.0
100,2016-10-12,1251.699951171875,1254.0,1251.0999755859375,1251.0999755859375,127.0
101,2016-10-13,1258.699951171875,1259.0,1255.0,1255.0,315.0
102,2016-10-14,1253.9000244140625,1253.9000244140625,1250.5999755859375,1253.0999755859375,311.0
103,2016-10-17,1249.9000244140625,1255.0,1249.9000244140625,1254.4000244140625,41.0
104,2016-10-18,1260.9000244140625,1261.699951171875,1260.800048828125,1260.800048828125,11.0
105,2016-10-19,1262.9000244140625,1271.5,1262.9000244140625,1267.9000244140625,219.0
106,2016-10-20,1270.0,1270.5,1265.5,1265.5999755859375,415.0
107,2016-10-21,1265.9000244140625,1265.9000244140625,1265.9000244140625,1265.9000244140625,224.0
108,2016-10-24,1269.199951171875,1269.199951171875,1261.800048828125,1262.0,42.0
109,2016-10-25,1264.0999755859375,1274.0999755859375,1264.0999755859375,1271.9000244140625,61.0
110,2016-10-26,1274.0,1274.0,1264.800048828125,1264.800048828125,279.0
111,2016-10-27,1269.4000244140625,1269.4000244140625,1267.9000244140625,1267.9000244140625,338.0
112,2016-10-28,1270.300048828125,1281.5,1262.0,1275.5,560.0
113,2016-10-31,1276.5999755859375,1276.5999755859375,1271.5,1271.5,58.0
114,2016-11-01,1279.300048828125,1290.699951171875,1279.0,1286.4000244140625,49.0
115,2016-11-02,1288.300048828125,1307.0,1288.300048828125,1306.800048828125,30.0
116,2016-11-03,1296.4000244140625,1303.0999755859375,1287.300048828125,1302.0999755859375,73.0
117,2016-11-04,1300.0,1303.300048828125,1296.699951171875,1303.300048828125,11.0
118,2016-11-07,1292.0,1294.5,1278.300048828125,1278.300048828125,34.0
119,2016-11-08,1284.0999755859375,1289.4000244140625,1273.199951171875,1273.4000244140625,50.0
120,2016-11-09,1272.199951171875,1318.5999755859375,1270.0,1272.5999755859375,108.0
121,2016-11-10,1274.4000244140625,1287.5,1253.300048828125,1265.5,63.0
122,2016-11-14,1227.800048828125,1229.5,1210.4000244140625,1221.199951171875,216.0
123,2016-11-15,1224.300048828125,1226.0,1222.5,1224.0,20.0
124,2016-11-16,1229.300048828125,1229.300048828125,1223.0,1223.4000244140625,66.0
125,2016-11-17,1224.5999755859375,1225.0,1211.0,1216.5,1139.0
126,2016-11-18,1211.9000244140625,1211.9000244140625,1207.199951171875,1208.5,607.0
127,2016-11-21,1209.5999755859375,1209.5999755859375,1209.5999755859375,1209.5999755859375,19.0
128,2016-11-22,1210.4000244140625,1211.0999755859375,1207.5999755859375,1211.0,19.0
129,2016-11-23,1212.800048828125,1213.800048828125,1186.800048828125,1189.0999755859375,309.0
130,2016-11-25,1177.0,1189.300048828125,1177.0,1178.199951171875,14.0
131,2016-11-28,1188.0,1190.5999755859375,1188.0,1190.5999755859375,189914.0
132,2016-11-29,1193.199951171875,1194.800048828125,1179.4000244140625,1187.9000244140625,42124.0
133,2016-11-30,1187.0999755859375,1193.300048828125,1167.9000244140625,1170.800048828125,7158.0
134,2016-12-01,1172.699951171875,1174.5999755859375,1160.0,1166.9000244140625,1588.0
135,2016-12-02,1172.300048828125,1177.300048828125,1166.4000244140625,1175.0999755859375,1521.0
136,2016-12-05,1181.800048828125,1186.699951171875,1157.0,1174.0,358.0
137,2016-12-06,1170.9000244140625,1174.5,1167.0999755859375,1167.5999755859375,652.0
138,2016-12-07,1167.699951171875,1178.5,1166.4000244140625,1175.0,182.0
139,2016-12-08,1173.800048828125,1177.800048828125,1169.0999755859375,1169.800048828125,322.0
140,2016-12-09,1166.5999755859375,1168.800048828125,1156.0,1159.4000244140625,365.0
141,2016-12-12,1158.300048828125,1163.9000244140625,1153.0,1163.5,331.0
142,2016-12-13,1163.5,1164.0,1155.4000244140625,1156.699951171875,637.0
143,2016-12-14,1159.800048828125,1164.0,1142.0,1161.300048828125,487.0
144,2016-12-15,1139.800048828125,1143.300048828125,1123.9000244140625,1127.800048828125,244.0
145,2016-12-16,1126.9000244140625,1140.9000244140625,1126.9000244140625,1135.300048828125,146.0
146,2016-12-19,1139.4000244140625,1140.699951171875,1137.9000244140625,1140.5,249.0
147,2016-12-20,1133.5,1133.5,1126.5,1131.5,46.0
148,2016-12-21,1136.0999755859375,1136.0999755859375,1130.0,1131.0999755859375,50.0
149,2016-12-22,1131.199951171875,1132.800048828125,1128.300048828125,1128.800048828125,104.0
150,2016-12-23,1130.9000244140625,1132.800048828125,1130.300048828125,1131.9000244140625,70.0
151,2016-12-27,1134.300048828125,1142.199951171875,1134.300048828125,1137.300048828125,84.0
152,2016-12-28,1141.199951171875,1141.199951171875,1138.0,1139.4000244140625,1570.0
153,2016-12-29,1143.800048828125,1158.800048828125,1143.5999755859375,1156.4000244140625,950.0
154,2016-12-30,1162.0,1162.0,1150.0,1150.0,16.0
155,2017-01-03,1155.199951171875,1160.800048828125,1146.5,1160.4000244140625,52.0
156,2017-01-04,1156.300048828125,1165.0,1156.300048828125,1163.800048828125,36.0
157,2017-01-05,1172.0,1183.300048828125,1171.5,1179.699951171875,500.0
158,2017-01-06,1176.5,1176.5,1171.9000244140625,1171.9000244140625,16.0
159,2017-01-09,1173.9000244140625,1183.5999755859375,1173.0,1183.5,62.0
160,2017-01-10,1184.300048828125,1188.9000244140625,1182.300048828125,1184.199951171875,8.0
161,2017-01-11,1187.5,1197.0,1176.5,1195.5999755859375,20.0
162,2017-01-12,1192.699951171875,1204.300048828125,1192.300048828125,1198.9000244140625,110.0
163,2017-01-13,1195.699951171875,1196.0,1187.699951171875,1195.300048828125,65.0
164,2017-01-17,1205.5,1214.5999755859375,1200.800048828125,1212.0,79.0
165,2017-01-18,1213.5999755859375,1214.699951171875,1203.0999755859375,1211.300048828125,114.0
166,2017-01-19,1200.5,1204.0,1195.800048828125,1200.9000244140625,26.0
167,2017-01-20,1202.800048828125,1212.0999755859375,1202.800048828125,1204.300048828125,38.0
168,2017-01-23,1212.0,1215.0,1210.0,1215.0,16.0
169,2017-01-24,1219.0,1219.0,1207.699951171875,1210.300048828125,24.0
170,2017-01-25,1202.0,1202.800048828125,1194.9000244140625,1197.300048828125,403.0
171,2017-01-26,1199.699951171875,1199.699951171875,1185.5999755859375,1189.5,19.0
172,2017-01-27,1187.9000244140625,1188.300048828125,1187.9000244140625,1188.0999755859375,234352.0
173,2017-01-30,1191.699951171875,1198.5,1187.0999755859375,1193.199951171875,50503.0
174,2017-01-31,1194.9000244140625,1214.699951171875,1193.5,1208.5999755859375,3212.0
175,2017-02-01,1211.9000244140625,1211.9000244140625,1197.9000244140625,1205.5999755859375,1145.0
176,2017-02-02,1209.699951171875,1224.199951171875,1208.9000244140625,1216.699951171875,1512.0
177,2017-02-03,1214.9000244140625,1220.5999755859375,1206.199951171875,1218.5,865.0
178,2017-02-06,1221.9000244140625,1235.4000244140625,1218.5,1230.0,908.0
179,2017-02-07,1234.199951171875,1236.199951171875,1228.5,1234.199951171875,1177.0
180,2017-02-08,1232.0999755859375,1243.9000244140625,1231.0,1237.5999755859375,288.0
181,2017-02-09,1239.4000244140625,1243.5,1226.9000244140625,1235.0999755859375,885.0
182,2017-02-10,1227.5999755859375,1234.4000244140625,1221.5,1234.4000244140625,391.0
183,2017-02-13,1230.5,1231.0999755859375,1219.0,1224.4000244140625,398.0
184,2017-02-14,1225.9000244140625,1233.5,1222.0999755859375,1223.9000244140625,159.0
185,2017-02-15,1225.5,1231.699951171875,1217.300048828125,1231.699951171875,175.0
186,2017-02-16,1234.5,1240.699951171875,1233.199951171875,1240.0,87.0
187,2017-02-17,1240.699951171875,1241.199951171875,1234.800048828125,1237.5999755859375,301.0
188,2017-02-21,1237.300048828125,1237.5,1228.0999755859375,1237.5,119.0
189,2017-02-22,1236.0999755859375,1238.5999755859375,1231.800048828125,1232.0,36.0
190,2017-02-23,1236.0999755859375,1250.300048828125,1236.0999755859375,1250.199951171875,112.0
191,2017-02-24,1250.0,1258.800048828125,1250.0,1256.9000244140625,1264.0
192,2017-02-27,1254.699951171875,1263.0999755859375,1250.4000244140625,1257.4000244140625,544.0
193,2017-02-28,1253.5999755859375,1257.300048828125,1247.199951171875,1252.5999755859375,721.0
194,2017-03-01,1247.800048828125,1248.9000244140625,1236.9000244140625,1248.9000244140625,138.0
195,2017-03-02,1247.199951171875,1247.5999755859375,1230.699951171875,1231.9000244140625,79.0
196,2017-03-03,1231.699951171875,1235.199951171875,1222.9000244140625,1225.5,121.0
197,2017-03-06,1235.199951171875,1235.199951171875,1224.5,1224.5,29.0
198,2017-03-07,1224.300048828125,1225.4000244140625,1213.699951171875,1215.0999755859375,53.0
199,2017-03-08,1212.199951171875,1212.199951171875,1206.699951171875,1208.5,24.0
200,2017-03-09,1204.5,1205.5999755859375,1202.300048828125,1202.4000244140625,37.0
201,2017-03-10,1196.199951171875,1203.300048828125,1196.199951171875,1200.699951171875,3.0
202,2017-03-13,1206.199951171875,1210.0,1202.300048828125,1202.4000244140625,35.0
203,2017-03-14,1203.0999755859375,1205.9000244140625,1196.800048828125,1201.9000244140625,22.0
204,2017-03-15,1198.199951171875,1221.199951171875,1197.699951171875,1200.0999755859375,36.0
205,2017-03-16,1222.199951171875,1231.4000244140625,1222.199951171875,1226.5,47.0
206,2017-03-17,1227.0999755859375,1230.9000244140625,1227.0999755859375,1229.800048828125,26.0
207,2017-03-20,1229.300048828125,1234.4000244140625,1229.300048828125,1233.5999755859375,23.0
208,2017-03-21,1226.4000244140625,1246.0999755859375,1226.4000244140625,1246.0999755859375,11.0
209,2017-03-22,1247.9000244140625,1249.5,1247.699951171875,1249.300048828125,3.0
210,2017-03-23,1246.4000244140625,1247.5,1244.800048828125,1246.9000244140625,16.0
211,2017-03-24,1248.0,1248.300048828125,1247.5999755859375,1248.199951171875,3.0
212,2017-03-27,1255.800048828125,1257.699951171875,1253.800048828125,1255.4000244140625,72.0
213,2017-03-28,1255.9000244140625,1255.9000244140625,1255.300048828125,1255.300048828125,19.0
214,2017-03-29,1252.199951171875,1253.4000244140625,1252.0999755859375,1253.4000244140625,190678.0
215,2017-03-30,1253.0999755859375,1253.5999755859375,1241.0999755859375,1245.0,51328.0
216,2017-03-31,1242.0999755859375,1248.800048828125,1238.699951171875,1247.300048828125,8223.0
217,2017-04-03,1247.5,1252.4000244140625,1243.5999755859375,1250.800048828125,1160.0
218,2017-04-04,1253.0999755859375,1260.300048828125,1253.0,1255.0,724.0
219,2017-04-05,1255.4000244140625,1255.4000244140625,1243.0,1245.4000244140625,907.0
220,2017-04-06,1256.0999755859375,1257.5,1249.0,1250.300048828125,169.0
221,2017-04-07,1249.5,1269.0999755859375,1249.5,1254.300048828125,445.0
222,2017-04-10,1252.699951171875,1255.199951171875,1246.800048828125,1251.0999755859375,182.0
223,2017-04-11,1254.5,1273.5,1254.5,1271.199951171875,401.0
224,2017-04-12,1275.0,1285.0999755859375,1272.0,1275.300048828125,492.0
225,2017-04-13,1285.300048828125,1287.5999755859375,1282.0,1285.9000244140625,915.0
226,2017-04-17,1291.800048828125,1294.800048828125,1284.300048828125,1289.4000244140625,73.0
227,2017-04-18,1283.9000244140625,1291.699951171875,1278.5999755859375,1291.699951171875,394.0
228,2017-04-19,1288.0,1288.0,1274.0,1281.4000244140625,194.0
229,2017-04-20,1279.699951171875,1281.9000244140625,1276.199951171875,1281.9000244140625,127.0
230,2017-04-21,1279.800048828125,1287.4000244140625,1279.199951171875,1287.4000244140625,474.0
231,2017-04-24,1275.0,1276.4000244140625,1265.0,1275.800048828125,605.0
232,2017-04-25,1275.5999755859375,1276.9000244140625,1262.0999755859375,1265.5999755859375,356.0
233,2017-04-26,1266.0,1266.0,1262.0999755859375,1262.0999755859375,1156.0
234,2017-04-27,1266.699951171875,1267.199951171875,1262.199951171875,1263.699951171875,206.0
235,2017-04-28,1265.9000244140625,1267.199951171875,1264.699951171875,1266.0999755859375,85.0
236,2017-05-01,1268.699951171875,1269.300048828125,1253.300048828125,1253.300048828125,34.0
237,2017-05-02,1256.199951171875,1256.199951171875,1251.199951171875,1255.0999755859375,90.0
238,2017-05-03,1255.0999755859375,1255.800048828125,1238.699951171875,1246.4000244140625,195.0
239,2017-05-04,1239.800048828125,1239.800048828125,1224.199951171875,1226.5,72.0
240,2017-05-05,1227.0,1233.699951171875,1224.800048828125,1224.800048828125,16.0
241,2017-05-08,1224.0,1234.0,1224.0,1225.300048828125,43.0
242,2017-05-09,1226.0999755859375,1226.199951171875,1214.0,1214.300048828125,55.0
243,2017-05-10,1219.800048828125,1220.199951171875,1217.300048828125,1217.300048828125,23.0
244,2017-05-11,1218.5,1222.699951171875,1218.300048828125,1222.699951171875,13.0
245,2017-05-12,1228.0,1229.5,1226.0999755859375,1226.199951171875,29.0
246,2017-05-15,1227.5,1232.699951171875,1227.5,1228.5999755859375,13.0
247,2017-05-16,1230.4000244140625,1237.300048828125,1230.4000244140625,1235.0,20.0
248,2017-05-17,1241.0,1259.199951171875,1240.699951171875,1257.5,26.0
249,2017-05-18,1254.800048828125,1260.0,1245.800048828125,1251.699951171875,43.0
250,2017-05-19,1252.699951171875,1252.699951171875,1252.699951171875,1252.699951171875,14.0
251,2017-05-22,1251.699951171875,1260.699951171875,1251.699951171875,1260.699951171875,14.0
252,2017-05-23,1261.5,1261.5999755859375,1250.5999755859375,1254.800048828125,20.0
253,2017-05-24,1251.9000244140625,1257.800048828125,1249.699951171875,1252.4000244140625,14.0
254,2017-05-25,1257.0999755859375,1258.300048828125,1255.800048828125,1255.800048828125,11.0
255,2017-05-26,1267.5999755859375,1267.5999755859375,1267.5999755859375,1267.5999755859375,271457.0
256,2017-05-30,1267.4000244140625,1270.0,1258.4000244140625,1262.0999755859375,129819.0
257,2017-05-31,1262.4000244140625,1273.199951171875,1258.5,1272.0,2712.0
258,2017-06-01,1268.0,1269.199951171875,1260.800048828125,1267.0,825.0
259,2017-06-02,1265.199951171875,1279.0,1259.0,1276.800048828125,1732.0
260,2017-06-05,1279.199951171875,1282.0,1277.0,1279.300048828125,433.0
261,2017-06-06,1279.4000244140625,1295.199951171875,1279.4000244140625,1294.4000244140625,942.0
262,2017-06-07,1291.5999755859375,1293.0999755859375,1284.300048828125,1290.0999755859375,641.0
263,2017-06-08,1285.4000244140625,1287.5999755859375,1268.0999755859375,1276.300048828125,319.0
264,2017-06-09,1277.9000244140625,1277.9000244140625,1264.5999755859375,1268.5,467.0
265,2017-06-12,1266.4000244140625,1269.300048828125,1263.199951171875,1266.0999755859375,255.0
266,2017-06-13,1264.0999755859375,1266.9000244140625,1259.699951171875,1265.800048828125,150.0
267,2017-06-14,1269.4000244140625,1278.0,1256.800048828125,1272.800048828125,336.0
268,2017-06-15,1263.199951171875,1264.199951171875,1250.300048828125,1252.199951171875,743.0
269,2017-06-16,1252.800048828125,1255.300048828125,1251.300048828125,1254.0,34.0
270,2017-06-19,1252.0999755859375,1252.199951171875,1241.9000244140625,1244.199951171875,108.0
271,2017-06-20,1242.199951171875,1245.5,1240.5,1241.0,75.0
272,2017-06-21,1244.0999755859375,1245.0,1240.0,1243.4000244140625,205.0
273,2017-06-22,1251.0,1252.699951171875,1246.300048828125,1247.5999755859375,156.0
274,2017-06-23,1250.0,1273.5999755859375,1249.800048828125,1256.199951171875,269.0
275,2017-06-26,1260.199951171875,1260.199951171875,1241.5999755859375,1246.300048828125,194.0
276,2017-06-27,1251.5999755859375,1251.800048828125,1245.9000244140625,1246.4000244140625,111.0
277,2017-06-28,1248.5,1248.5,1248.0,1248.0,370.0
278,2017-06-29,1248.199951171875,1250.699951171875,1238.0999755859375,1244.199951171875,540.0
279,2017-06-30,1243.699951171875,1243.699951171875,1239.0999755859375,1240.699951171875,43.0
280,2017-07-03,1236.0,1236.0,1217.9000244140625,1217.9000244140625,33.0
281,2017-07-05,1222.5,1225.0,1217.0999755859375,1220.4000244140625,40.0
282,2017-07-06,1225.0999755859375,1225.0999755859375,1222.199951171875,1222.199951171875,5.0
283,2017-07-07,1219.0999755859375,1220.4000244140625,1208.5999755859375,1208.5999755859375,116.0
284,2017-07-10,1211.4000244140625,1212.0999755859375,1209.5999755859375,1212.0999755859375,28.0
285,2017-07-11,1208.699951171875,1214.9000244140625,1208.699951171875,1213.5999755859375,12.0
286,2017-07-12,1218.300048828125,1219.4000244140625,1217.9000244140625,1218.0999755859375,7.0
287,2017-07-13,1221.4000244140625,1221.4000244140625,1216.300048828125,1216.300048828125,7.0
288,2017-07-14,1214.9000244140625,1227.5,1214.800048828125,1226.5999755859375,23.0
289,2017-07-17,1229.9000244140625,1233.4000244140625,1229.9000244140625,1232.800048828125,7.0
290,2017-07-18,1236.199951171875,1241.199951171875,1236.199951171875,1241.0999755859375,29.0
291,2017-07-19,1240.4000244140625,1241.199951171875,1240.0999755859375,1241.199951171875,3.0
292,2017-07-20,1236.5999755859375,1244.800048828125,1236.5999755859375,1244.800048828125,5.0
293,2017-07-21,1250.699951171875,1254.300048828125,1250.5,1254.300048828125,16.0
294,2017-07-24,1256.0,1256.0,1253.9000244140625,1253.9000244140625,8.0
295,2017-07-25,1252.699951171875,1253.5999755859375,1249.199951171875,1251.699951171875,18.0
296,2017-07-26,1244.800048828125,1249.0,1244.800048828125,1249.0,7.0
297,2017-07-27,1259.5999755859375,1259.5999755859375,1259.5999755859375,1259.5999755859375,220309.0
298,2017-07-28,1258.4000244140625,1270.0,1256.9000244140625,1268.4000244140625,64180.0
299,2017-07-31,1268.9000244140625,1270.800048828125,1265.800048828125,1266.5999755859375,7780.0
300,2017-08-01,1268.4000244140625,1273.300048828125,1262.0,1272.5999755859375,1061.0
301,2017-08-02,1268.5,1272.0999755859375,1262.9000244140625,1271.800048828125,393.0
302,2017-08-03,1265.9000244140625,1269.800048828125,1256.5999755859375,1267.800048828125,878.0
303,2017-08-04,1269.0,1269.5999755859375,1253.9000244140625,1258.300048828125,521.0
304,2017-08-07,1258.699951171875,1259.0999755859375,1255.300048828125,1258.199951171875,260.0
305,2017-08-08,1256.9000244140625,1264.0999755859375,1251.4000244140625,1256.4000244140625,555.0
306,2017-08-09,1260.199951171875,1277.800048828125,1260.199951171875,1273.0,574.0
307,2017-08-10,1276.5999755859375,1287.4000244140625,1274.9000244140625,1283.699951171875,608.0
308,2017-08-11,1286.300048828125,1291.0999755859375,1282.0,1287.699951171875,139.0
309,2017-08-14,1288.4000244140625,1288.4000244140625,1278.800048828125,1284.199951171875,338.0
310,2017-08-15,1280.5,1280.5,1267.4000244140625,1273.699951171875,188.0
311,2017-08-16,1271.300048828125,1282.5999755859375,1269.4000244140625,1276.9000244140625,110.0
312,2017-08-17,1283.800048828125,1288.5,1283.199951171875,1286.4000244140625,43.0
313,2017-08-18,1288.5999755859375,1300.699951171875,1284.300048828125,1285.699951171875,358.0
314,2017-08-21,1285.199951171875,1290.800048828125,1284.699951171875,1290.800048828125,18.0
315,2017-08-22,1287.199951171875,1288.4000244140625,1283.199951171875,1285.0999755859375,100.0
316,2017-08-23,1289.4000244140625,1289.4000244140625,1286.9000244140625,1288.9000244140625,250.0
317,2017-08-24,1288.699951171875,1288.699951171875,1284.0,1286.5,550.0
318,2017-08-25,1285.4000244140625,1292.699951171875,1280.300048828125,1292.5,280.0
319,2017-08-28,1293.5,1311.300048828125,1293.5,1309.699951171875,145.0
320,2017-08-29,1318.800048828125,1323.800048828125,1313.0999755859375,1313.0999755859375,1178.0
321,2017-08-30,1308.199951171875,1312.5,1304.9000244140625,1308.0999755859375,1178.0
322,2017-08-31,1306.5999755859375,1322.300048828125,1301.699951171875,1316.199951171875,373.0
323,2017-09-01,1320.199951171875,1327.699951171875,1316.9000244140625,1324.5,313.0
324,2017-09-05,1335.199951171875,1339.199951171875,1328.5999755859375,1339.199951171875,39.0
325,2017-09-06,1340.0,1340.300048828125,1332.5999755859375,1333.9000244140625,20.0
326,2017-09-07,1336.4000244140625,1349.0,1336.4000244140625,1345.0999755859375,26.0
327,2017-09-08,1351.0,1355.800048828125,1345.5999755859375,1346.0,37.0
328,2017-09-11,1331.0,1331.0,1327.300048828125,1331.0,9.0
329,2017-09-12,1327.0,1328.0,1325.199951171875,1328.0,15.0
330,2017-09-13,1323.4000244140625,1323.4000244140625,1323.4000244140625,1323.4000244140625,16.0
331,2017-09-14,1319.5999755859375,1329.300048828125,1319.5999755859375,1324.699951171875,316.0
332,2017-09-15,1320.5999755859375,1321.199951171875,1319.800048828125,1320.4000244140625,15.0
333,2017-09-18,1309.800048828125,1310.4000244140625,1306.0,1306.300048828125,129.0
334,2017-09-19,1307.9000244140625,1310.300048828125,1305.0999755859375,1306.199951171875,20.0
335,2017-09-20,1312.0,1312.0,1298.699951171875,1312.0,12.0
336,2017-09-21,1299.0999755859375,1304.0999755859375,1290.300048828125,1290.5999755859375,336.0
337,2017-09-22,1295.0,1295.699951171875,1293.300048828125,1293.300048828125,209.0
338,2017-09-25,1293.0999755859375,1309.199951171875,1291.0,1306.800048828125,51.0
339,2017-09-26,1304.5,1305.5999755859375,1297.0,1297.0,39.0
340,2017-09-27,1283.4000244140625,1283.4000244140625,1283.4000244140625,1283.4000244140625,19488.0
341,2017-09-28,1283.0999755859375,1288.0,1277.0,1285.5,5226.0
342,2017-09-29,1284.199951171875,1289.4000244140625,1281.5,1281.5,492.0
343,2017-10-02,1275.0,1276.0999755859375,1270.4000244140625,1272.699951171875,136.0
344,2017-10-03,1269.699951171875,1273.300048828125,1268.5999755859375,1271.5,192.0
345,2017-10-04,1273.800048828125,1280.800048828125,1270.0,1273.699951171875,218.0
346,2017-10-05,1277.800048828125,1277.800048828125,1267.5999755859375,1269.9000244140625,36.0
347,2017-10-06,1267.5999755859375,1272.0,1260.5,1271.5999755859375,46.0
348,2017-10-09,1280.5999755859375,1284.0,1279.0,1281.800048828125,19.0
349,2017-10-10,1282.5999755859375,1293.0,1281.699951171875,1290.5999755859375,18.0
350,2017-10-11,1287.300048828125,1292.0,1284.9000244140625,1285.800048828125,21.0
351,2017-10-12,1291.5,1294.5,1289.300048828125,1293.300048828125,14.0
352,2017-10-13,1293.300048828125,1301.699951171875,1291.699951171875,1301.5,74.0
353,2017-10-16,1302.0,1303.800048828125,1291.9000244140625,1299.9000244140625,173.0
354,2017-10-17,1295.0999755859375,1295.0999755859375,1283.0,1283.0,571.0
355,2017-10-18,1279.9000244140625,1279.9000244140625,1279.9000244140625,1279.9000244140625,163.0
356,2017-10-19,1286.4000244140625,1286.9000244140625,1285.0999755859375,1286.9000244140625,134.0
357,2017-10-20,1279.5999755859375,1279.5999755859375,1277.4000244140625,1277.4000244140625,304.0
358,2017-10-23,1274.699951171875,1280.800048828125,1271.5,1277.699951171875,115.0
359,2017-10-24,1275.5,1275.5,1273.699951171875,1275.0,111.0
360,2017-10-25,1269.9000244140625,1275.4000244140625,1269.9000244140625,1275.4000244140625,105.0
361,2017-10-26,1273.5,1273.5,1264.699951171875,1266.300048828125,39.0
362,2017-10-27,1268.4000244140625,1268.5,1267.0999755859375,1268.5,567.0
363,2017-10-30,1270.0,1274.0999755859375,1267.9000244140625,1274.0999755859375,222.0
364,2017-10-31,1273.0999755859375,1274.5999755859375,1266.0999755859375,1267.0,235.0
365,2017-11-01,1272.199951171875,1274.800048828125,1270.300048828125,1274.0999755859375,78.0
366,2017-11-02,1274.9000244140625,1274.9000244140625,1274.9000244140625,1274.9000244140625,70.0
367,2017-11-03,1265.300048828125,1267.9000244140625,1265.300048828125,1266.5,75.0
368,2017-11-06,1269.0,1280.5,1269.0,1279.4000244140625,128.0
369,2017-11-07,1276.800048828125,1276.800048828125,1270.4000244140625,1273.699951171875,11.0
370,2017-11-08,1275.9000244140625,1284.9000244140625,1274.699951171875,1281.5999755859375,15.0
371,2017-11-09,1279.699951171875,1286.9000244140625,1279.699951171875,1285.5999755859375,18.0
372,2017-11-10,1283.5,1283.5,1272.4000244140625,1272.4000244140625,10.0
373,2017-11-13,1277.300048828125,1277.300048828125,1277.0,1277.300048828125,3.0
374,2017-11-14,1276.9000244140625,1281.5,1276.9000244140625,1281.5,4.0
375,2017-11-15,1281.4000244140625,1284.699951171875,1275.9000244140625,1276.5,13.0
376,2017-11-16,1277.5,1277.5,1277.4000244140625,1277.4000244140625,43.0
377,2017-11-17,1288.300048828125,1295.800048828125,1288.300048828125,1295.800048828125,1.0
378,2017-11-20,1274.5999755859375,1275.9000244140625,1274.5999755859375,1274.5999755859375,1.0
379,2017-11-21,1281.0999755859375,1281.0999755859375,1281.0999755859375,1281.0999755859375,4.0
380,2017-11-22,1284.699951171875,1291.5999755859375,1282.9000244140625,1291.5999755859375,4.0
381,2017-11-24,1286.699951171875,1286.699951171875,1286.699951171875,1286.699951171875,2.5
382,2017-11-27,1293.800048828125,1293.800048828125,1293.800048828125,1293.800048828125,1.0
383,2017-11-28,1294.699951171875,1294.699951171875,1294.699951171875,1294.699951171875,275442.0
384,2017-11-29,1293.4000244140625,1296.199951171875,1281.0999755859375,1282.0999755859375,47244.0
385,2017-11-30,1283.0999755859375,1284.5,1269.699951171875,1273.199951171875,3049.0
386,2017-12-01,1274.0999755859375,1288.5999755859375,1271.0,1278.800048828125,823.0
387,2017-12-04,1272.5,1276.0999755859375,1270.300048828125,1274.300048828125,850.0
388,2017-12-05,1275.4000244140625,1275.800048828125,1260.0,1261.5999755859375,1499.0
389,2017-12-06,1264.9000244140625,1267.800048828125,1261.5999755859375,1262.800048828125,373.0
390,2017-12-07,1262.300048828125,1262.4000244140625,1243.9000244140625,1249.800048828125,358.0
391,2017-12-08,1246.300048828125,1249.300048828125,1241.5,1245.199951171875,157.0
392,2017-12-11,1248.4000244140625,1249.199951171875,1239.9000244140625,1243.699951171875,146.0
393,2017-12-12,1241.300048828125,1244.4000244140625,1236.5,1238.5,692.0
394,2017-12-13,1241.9000244140625,1254.5,1239.800048828125,1245.4000244140625,349.0
395,2017-12-14,1252.9000244140625,1257.699951171875,1250.300048828125,1253.800048828125,139.0
396,2017-12-15,1253.0999755859375,1260.300048828125,1253.0999755859375,1254.300048828125,578.0
397,2017-12-18,1256.199951171875,1262.4000244140625,1255.699951171875,1262.199951171875,45.0
398,2017-12-19,1261.0999755859375,1264.300048828125,1259.5,1260.699951171875,329.0
399,2017-12-20,1261.300048828125,1266.5999755859375,1261.300048828125,1266.0999755859375,63.0
400,2017-12-21,1266.4000244140625,1267.4000244140625,1264.300048828125,1267.300048828125,226.0
401,2017-12-22,1266.300048828125,1276.300048828125,1266.300048828125,1275.4000244140625,119.0
402,2017-12-26,1282.4000244140625,1284.0999755859375,1281.800048828125,1284.0999755859375,84.0
403,2017-12-27,1284.0,1287.0,1284.0,1287.0,456.0
404,2017-12-28,1288.199951171875,1294.0999755859375,1288.199951171875,1294.0999755859375,245.0
405,2017-12-29,1294.199951171875,1306.300048828125,1294.0,1306.300048828125,65.0
406,2018-01-02,1302.300048828125,1317.5999755859375,1302.300048828125,1313.699951171875,68.0
407,2018-01-03,1320.0,1320.0999755859375,1312.0999755859375,1316.199951171875,42.0
408,2018-01-04,1319.4000244140625,1322.0,1319.4000244140625,1319.4000244140625,2.0
409,2018-01-05,1320.300048828125,1320.300048828125,1320.300048828125,1320.300048828125,1.0
410,2018-01-08,1319.9000244140625,1319.9000244140625,1314.5999755859375,1318.5999755859375,41.0
411,2018-01-09,1309.5999755859375,1311.699951171875,1309.5999755859375,1311.699951171875,16.0
412,2018-01-10,1320.300048828125,1320.699951171875,1315.300048828125,1317.4000244140625,70.0
413,2018-01-11,1317.0999755859375,1320.5999755859375,1316.300048828125,1320.5999755859375,9.0
414,2018-01-12,1327.800048828125,1338.199951171875,1327.800048828125,1333.4000244140625,14.0
415,2018-01-16,1331.0999755859375,1335.4000244140625,1331.0,1335.4000244140625,13.0
416,2018-01-17,1334.4000244140625,1338.0,1326.800048828125,1338.0,27.0
417,2018-01-18,1328.9000244140625,1328.9000244140625,1326.0,1326.0,211.0
418,2018-01-19,1330.0999755859375,1333.0,1330.0999755859375,1331.9000244140625,50.0
419,2018-01-22,1328.4000244140625,1330.9000244140625,1328.4000244140625,1330.9000244140625,162.0
420,2018-01-23,1335.800048828125,1335.9000244140625,1335.699951171875,1335.699951171875,47.0
421,2018-01-24,1355.9000244140625,1357.199951171875,1355.9000244140625,1355.9000244140625,18.0
422,2018-01-25,1356.300048828125,1362.4000244140625,1346.699951171875,1362.4000244140625,4.0
423,2018-01-26,1351.5999755859375,1352.0,1350.9000244140625,1351.5999755859375,280546.0
424,2018-01-30,1338.699951171875,1347.800048828125,1332.800048828125,1335.4000244140625,52100.0
425,2018-01-31,1337.5,1346.9000244140625,1331.800048828125,1339.0,4881.0
426,2018-02-01,1343.800048828125,1350.5999755859375,1336.800048828125,1344.300048828125,1680.0
427,2018-02-02,1348.5,1352.0999755859375,1327.699951171875,1333.699951171875,2841.0
428,2018-02-05,1331.0999755859375,1340.199951171875,1329.0,1333.0,641.0
429,2018-02-06,1338.199951171875,1343.699951171875,1319.5,1326.0999755859375,529.0
430,2018-02-07,1325.4000244140625,1331.0999755859375,1310.5,1311.5999755859375,491.0
431,2018-02-08,1317.0999755859375,1321.0999755859375,1307.0,1316.9000244140625,459.0
432,2018-02-09,1320.9000244140625,1322.0,1311.9000244140625,1313.0999755859375,451.0
433,2018-02-12,1323.800048828125,1325.5,1318.0,1324.199951171875,140.0
434,2018-02-13,1324.5,1329.5999755859375,1323.4000244140625,1328.0999755859375,71.0
435,2018-02-14,1332.800048828125,1355.5,1324.0,1355.5,400.0
436,2018-02-15,1352.0,1355.9000244140625,1349.699951171875,1352.0999755859375,111.0
437,2018-02-16,1354.0,1361.4000244140625,1344.9000244140625,1353.199951171875,110.0
438,2018-02-20,1348.4000244140625,1350.199951171875,1328.5,1328.800048828125,283.0
439,2018-02-21,1326.800048828125,1331.5,1324.4000244140625,1330.0,119.0
440,2018-02-22,1322.0,1331.4000244140625,1322.0,1330.5999755859375,70.0
441,2018-02-23,1328.0,1332.0999755859375,1327.699951171875,1328.199951171875,427.0
442,2018-02-26,1335.0,1340.5,1330.699951171875,1330.699951171875,652.0
443,2018-02-27,1331.699951171875,1332.5999755859375,1312.699951171875,1315.5,710.0
444,2018-02-28,1315.4000244140625,1321.0,1315.4000244140625,1315.5,58.0
445,2018-03-01,1310.4000244140625,1318.0999755859375,1301.800048828125,1302.9000244140625,43.0
446,2018-03-02,1314.300048828125,1323.199951171875,1314.300048828125,1321.0999755859375,155.0
447,2018-03-05,1323.5,1325.9000244140625,1318.0999755859375,1318.0999755859375,18.0
448,2018-03-06,1321.5999755859375,1333.5999755859375,1321.4000244140625,1333.5999755859375,18.0
449,2018-03-07,1338.0999755859375,1338.0999755859375,1326.0,1326.0,27.0
450,2018-03-08,1324.800048828125,1326.800048828125,1319.300048828125,1319.9000244140625,62.0
451,2018-03-09,1316.800048828125,1322.4000244140625,1313.0,1322.4000244140625,88.0
452,2018-03-12,1319.4000244140625,1319.4000244140625,1319.4000244140625,1319.4000244140625,50.5
453,2018-03-13,1325.9000244140625,1325.9000244140625,1325.300048828125,1325.9000244140625,13.0
454,2018-03-14,1322.199951171875,1324.4000244140625,1322.199951171875,1324.4000244140625,19.0
455,2018-03-15,1316.800048828125,1316.800048828125,1316.800048828125,1316.800048828125,26.5
456,2018-03-16,1310.0999755859375,1311.300048828125,1310.0999755859375,1311.300048828125,34.0
457,2018-03-19,1309.4000244140625,1316.9000244140625,1307.300048828125,1316.800048828125,6.0
458,2018-03-20,1311.0999755859375,1311.0999755859375,1311.0999755859375,1311.0999755859375,4.0
459,2018-03-21,1312.4000244140625,1328.800048828125,1312.4000244140625,1320.699951171875,34.0
460,2018-03-22,1326.5999755859375,1326.5999755859375,1326.5999755859375,1326.5999755859375,21.0
461,2018-03-23,1343.199951171875,1349.300048828125,1343.199951171875,1349.300048828125,8.0
462,2018-03-26,1348.5,1354.4000244140625,1345.0999755859375,1354.4000244140625,10.0
463,2018-03-27,1341.0,1341.300048828125,1341.0,1341.300048828125,290889.0
464,2018-03-28,1345.0,1346.4000244140625,1322.4000244140625,1324.199951171875,59284.0
465,2018-03-29,1324.0,1327.0999755859375,1321.699951171875,1322.800048828125,5585.0
466,2018-04-02,1327.0,1344.199951171875,1324.699951171875,1342.0999755859375,649.0
467,2018-04-03,1340.4000244140625,1341.5,1328.5,1332.800048828125,702.0
468,2018-04-04,1331.800048828125,1347.300048828125,1331.5999755859375,1335.800048828125,718.0
469,2018-04-05,1333.5,1333.699951171875,1322.5999755859375,1324.300048828125,258.0
470,2018-04-06,1326.5,1333.0,1319.0,1331.9000244140625,348.0
471,2018-04-09,1333.0,1337.5,1327.0,1336.300048828125,290.0
472,2018-04-10,1335.199951171875,1342.0,1333.0,1342.0,105.0
473,2018-04-11,1340.0999755859375,1365.4000244140625,1340.0999755859375,1356.5,118.0
474,2018-04-12,1351.199951171875,1351.5,1334.5999755859375,1338.4000244140625,34.0
475,2018-04-13,1335.9000244140625,1346.0,1335.9000244140625,1344.800048828125,67.0
476,2018-04-16,1341.0,1348.800048828125,1341.0,1347.5,60.0
477,2018-04-17,1348.0,1348.0999755859375,1339.0,1347.199951171875,409.0
478,2018-04-18,1343.5,1354.199951171875,1343.5,1351.199951171875,45.0
479,2018-04-19,1348.5999755859375,1355.199951171875,1341.5999755859375,1346.800048828125,387.0
480,2018-04-20,1342.5,1343.4000244140625,1335.300048828125,1336.699951171875,310.0
481,2018-04-23,1334.0,1334.4000244140625,1322.5,1322.5,68.0
482,2018-04-24,1326.4000244140625,1331.699951171875,1326.199951171875,1331.4000244140625,28.0
483,2018-04-25,1324.0,1325.0,1320.0,1321.199951171875,278.0
484,2018-04-26,1315.699951171875,1316.300048828125,1315.699951171875,1316.300048828125,569.0
485,2018-04-27,1315.300048828125,1321.699951171875,1312.800048828125,1320.300048828125,622.0
486,2018-04-30,1309.5999755859375,1316.199951171875,1309.5999755859375,1316.199951171875,49.0
487,2018-05-01,1313.199951171875,1313.800048828125,1303.4000244140625,1303.800048828125,28.0
488,2018-05-02,1309.0,1309.300048828125,1302.5999755859375,1302.5999755859375,23.0
489,2018-05-03,1310.699951171875,1310.699951171875,1310.699951171875,1310.699951171875,4.0
490,2018-05-04,1312.699951171875,1312.699951171875,1312.699951171875,1312.699951171875,4.0
491,2018-05-07,1310.5999755859375,1312.5,1310.199951171875,1312.199951171875,4.0
492,2018-05-08,1310.0999755859375,1312.0,1308.5,1312.0,337.0
493,2018-05-09,1311.300048828125,1311.300048828125,1311.300048828125,1311.300048828125,70.0
494,2018-05-10,1312.199951171875,1320.800048828125,1312.199951171875,1320.800048828125,8.0
495,2018-05-11,1319.0,1319.0,1319.0,1319.0,3.0
496,2018-05-14,1319.9000244140625,1319.9000244140625,1316.5,1316.5,4.0
497,2018-05-15,1304.5999755859375,1304.699951171875,1288.9000244140625,1288.9000244140625,8.0
498,2018-05-16,1290.9000244140625,1294.0,1285.4000244140625,1290.199951171875,26.0
499,2018-05-17,1291.300048828125,1291.300048828125,1288.199951171875,1288.199951171875,2.0
500,2018-05-18,1285.199951171875,1290.199951171875,1285.199951171875,1290.199951171875,2.0
501,2018-05-21,1287.4000244140625,1292.0999755859375,1287.4000244140625,1290.199951171875,52.0
502,2018-05-22,1291.699951171875,1291.699951171875,1291.699951171875,1291.699951171875,50.0
503,2018-05-23,1289.300048828125,1289.300048828125,1289.300048828125,1289.300048828125,10.0
504,2018-05-24,1303.699951171875,1303.699951171875,1303.699951171875,1303.699951171875,5.5
505,2018-05-25,1303.300048828125,1303.300048828125,1303.300048828125,1303.300048828125,1.0
506,2018-05-29,1298.699951171875,1298.699951171875,1298.699951171875,1298.699951171875,386334.0
507,2018-05-30,1298.0,1303.699951171875,1295.199951171875,1301.5,50845.0
508,2018-05-31,1301.0,1306.800048828125,1296.5999755859375,1300.0999755859375,4082.0
509,2018-06-01,1298.5999755859375,1299.5,1288.9000244140625,1294.800048828125,663.0
510,2018-06-04,1293.9000244140625,1297.0999755859375,1290.0,1293.0999755859375,144.0
511,2018-06-05,1292.0999755859375,1299.800048828125,1289.9000244140625,1297.5,357.0
512,2018-06-06,1296.0999755859375,1300.4000244140625,1294.0999755859375,1297.0999755859375,373.0
513,2018-06-07,1298.4000244140625,1302.800048828125,1296.199951171875,1298.699951171875,79.0
514,2018-06-08,1295.300048828125,1299.4000244140625,1294.800048828125,1298.0999755859375,650.0
515,2018-06-11,1299.300048828125,1302.0,1295.199951171875,1298.9000244140625,71.0
516,2018-06-12,1297.800048828125,1298.0999755859375,1292.699951171875,1295.0999755859375,153.0
517,2018-06-13,1294.0,1299.4000244140625,1290.9000244140625,1296.9000244140625,135.0
518,2018-06-14,1297.199951171875,1307.699951171875,1297.199951171875,1304.0,42.0
519,2018-06-15,1297.199951171875,1307.699951171875,1274.0,1274.5999755859375,589.0
520,2018-06-18,1280.699951171875,1280.699951171875,1276.199951171875,1276.199951171875,35.0
521,2018-06-19,1278.699951171875,1281.800048828125,1269.9000244140625,1275.5999755859375,34.0
522,2018-06-20,1274.4000244140625,1274.4000244140625,1271.199951171875,1271.199951171875,7.0
523,2018-06-21,1262.699951171875,1268.9000244140625,1260.0,1267.199951171875,46.0
524,2018-06-22,1268.0999755859375,1270.199951171875,1267.0,1267.4000244140625,74.0
525,2018-06-25,1270.5999755859375,1271.199951171875,1265.5999755859375,1265.5999755859375,37.0
526,2018-06-26,1267.199951171875,1267.199951171875,1256.5999755859375,1256.5999755859375,89.0
527,2018-06-27,1255.5,1255.5,1252.300048828125,1252.800048828125,1162.0
528,2018-06-28,1251.699951171875,1251.699951171875,1244.800048828125,1247.800048828125,378.0
529,2018-06-29,1250.300048828125,1253.300048828125,1249.0999755859375,1251.300048828125,48.0
530,2018-07-02,1249.9000244140625,1249.9000244140625,1239.800048828125,1239.800048828125,29.0
531,2018-07-03,1238.0999755859375,1254.0999755859375,1237.0,1251.5999755859375,36.0
532,2018-07-05,1255.5,1257.300048828125,1253.5999755859375,1257.300048828125,9.0
533,2018-07-06,1255.5,1255.5,1254.300048828125,1254.300048828125,7.0
534,2018-07-09,1258.199951171875,1262.300048828125,1257.699951171875,1258.0999755859375,37.0
535,2018-07-10,1256.199951171875,1256.9000244140625,1249.300048828125,1253.800048828125,65.0
536,2018-07-11,1253.199951171875,1253.199951171875,1242.800048828125,1242.800048828125,30.0
537,2018-07-12,1240.9000244140625,1246.699951171875,1240.9000244140625,1245.0,7.0
538,2018-07-13,1244.699951171875,1247.0,1239.5999755859375,1239.5999755859375,2.0
539,2018-07-16,1242.699951171875,1243.800048828125,1238.0999755859375,1238.0999755859375,2.0
540,2018-07-17,1225.699951171875,1225.699951171875,1225.699951171875,1225.699951171875,34.5
541,2018-07-18,1226.699951171875,1226.699951171875,1222.199951171875,1226.300048828125,67.0
542,2018-07-19,1227.199951171875,1228.0,1211.699951171875,1222.4000244140625,33.0
543,2018-07-20,1229.5,1229.5,1229.5,1229.5,17.0
544,2018-07-23,1222.0,1224.0,1222.0,1224.0,1.0
545,2018-07-24,1223.9000244140625,1223.9000244140625,1223.9000244140625,1223.9000244140625,1.0
546,2018-07-25,1231.4000244140625,1231.4000244140625,1231.4000244140625,1231.4000244140625,1.0
547,2018-07-26,1227.800048828125,1227.800048828125,1225.300048828125,1225.300048828125,1.0
548,2018-07-27,1222.5999755859375,1222.5999755859375,1222.5999755859375,1222.5999755859375,254428.0
549,2018-07-30,1222.5,1223.9000244140625,1218.0999755859375,1221.300048828125,62239.0
550,2018-07-31,1220.4000244140625,1228.0999755859375,1213.0,1223.699951171875,2722.0
551,2018-08-01,1222.9000244140625,1223.699951171875,1214.4000244140625,1217.9000244140625,1026.0
552,2018-08-02,1214.699951171875,1219.300048828125,1205.800048828125,1210.5999755859375,411.0
553,2018-08-03,1206.5,1218.5999755859375,1205.0999755859375,1214.199951171875,784.0
554,2018-08-06,1214.4000244140625,1214.4000244140625,1206.5999755859375,1208.5999755859375,297.0
555,2018-08-07,1207.800048828125,1214.800048828125,1207.800048828125,1209.5999755859375,715.0
556,2018-08-08,1212.0,1215.199951171875,1205.9000244140625,1212.5999755859375,209.0
557,2018-08-09,1214.5,1215.300048828125,1211.5999755859375,1211.9000244140625,44.0
558,2018-08-10,1212.5,1216.4000244140625,1205.5999755859375,1211.0999755859375,75.0
559,2018-08-13,1207.0,1207.4000244140625,1191.300048828125,1191.300048828125,78.0
560,2018-08-14,1193.0999755859375,1197.5,1192.800048828125,1193.0,92.0
561,2018-08-15,1187.800048828125,1188.0999755859375,1174.5999755859375,1177.5,71.0
562,2018-08-16,1173.199951171875,1180.199951171875,1161.4000244140625,1176.199951171875,123.0
563,2018-08-17,1174.699951171875,1181.199951171875,1174.699951171875,1176.5,66.0
564,2018-08-20,1184.800048828125,1190.0,1184.4000244140625,1186.800048828125,68.0
565,2018-08-21,1189.800048828125,1192.5999755859375,1189.800048828125,1192.5999755859375,22.0
566,2018-08-22,1194.699951171875,1196.300048828125,1194.699951171875,1196.300048828125,17.0
567,2018-08-23,1189.300048828125,1190.300048828125,1184.9000244140625,1187.0,95.0
568,2018-08-24,1185.300048828125,1208.0,1185.300048828125,1206.300048828125,12.0
569,2018-08-27,1210.300048828125,1211.4000244140625,1205.199951171875,1209.0,154.0
570,2018-08-28,1209.699951171875,1217.0,1202.300048828125,1207.4000244140625,136.0
571,2018-08-29,1205.199951171875,1205.199951171875,1202.4000244140625,1204.5,817.0
572,2018-08-30,1205.4000244140625,1205.5999755859375,1196.0,1197.699951171875,493.0
573,2018-08-31,1207.0999755859375,1208.199951171875,1199.0999755859375,1200.300048828125,191.0
574,2018-09-04,1193.800048828125,1193.800048828125,1189.9000244140625,1192.699951171875,26.0
575,2018-09-05,1192.5,1196.0,1192.5,1194.9000244140625,21.0
576,2018-09-06,1202.0,1202.0,1197.9000244140625,1197.9000244140625,7.0
577,2018-09-07,1198.300048828125,1198.300048828125,1193.0999755859375,1193.5999755859375,29.0
578,2018-09-10,1193.0,1193.0,1193.0,1193.0,11.0
579,2018-09-11,1190.4000244140625,1196.300048828125,1190.4000244140625,1195.4000244140625,21.0
580,2018-09-12,1205.0,1205.0,1204.699951171875,1204.699951171875,37.0
581,2018-09-13,1203.4000244140625,1203.4000244140625,1200.0,1202.0,22.0
582,2018-09-14,1195.0,1195.0,1195.0,1195.0,1.0
583,2018-09-17,1199.699951171875,1199.699951171875,1199.699951171875,1199.699951171875,1.5
584,2018-09-18,1198.699951171875,1198.699951171875,1196.800048828125,1196.800048828125,2.0
585,2018-09-19,1202.199951171875,1202.199951171875,1202.199951171875,1202.199951171875,5.8
586,2018-09-20,1206.199951171875,1206.199951171875,1206.199951171875,1206.199951171875,9.6
587,2018-09-21,1196.199951171875,1196.199951171875,1196.199951171875,1196.199951171875,13.399999999999999
588,2018-09-24,1199.300048828125,1199.300048828125,1199.300048828125,1199.300048828125,17.2
589,2018-09-25,1202.0999755859375,1202.800048828125,1200.0,1200.0,21.0
590,2018-09-26,1194.0,1194.0,1194.0,1194.0,17857.0
591,2018-09-27,1194.5999755859375,1197.300048828125,1180.5,1182.300048828125,4947.0
592,2018-09-28,1181.699951171875,1191.9000244140625,1180.0,1191.5,404.0
593,2018-10-01,1191.5999755859375,1191.5999755859375,1185.800048828125,1187.0999755859375,180.0
594,2018-10-02,1193.0,1206.0,1190.300048828125,1202.4000244140625,451.0
595,2018-10-03,1202.5999755859375,1202.5999755859375,1196.5999755859375,1198.300048828125,76.0
596,2018-10-04,1199.300048828125,1204.5999755859375,1197.199951171875,1197.199951171875,496.0
597,2018-10-05,1197.0999755859375,1205.300048828125,1196.9000244140625,1201.199951171875,34.0
598,2018-10-08,1201.0,1201.0,1183.699951171875,1184.4000244140625,250.0
599,2018-10-09,1185.5999755859375,1189.0999755859375,1185.5999755859375,1187.199951171875,9.0
600,2018-10-10,1189.300048828125,1192.0,1189.300048828125,1189.300048828125,1078.0
601,2018-10-11,1198.0999755859375,1224.5999755859375,1196.300048828125,1223.5,126.0
602,2018-10-12,1221.5999755859375,1221.5999755859375,1216.0,1218.0999755859375,122.0
603,2018-10-15,1222.4000244140625,1232.300048828125,1222.4000244140625,1226.4000244140625,136.0
604,2018-10-16,1227.0999755859375,1230.5,1227.0999755859375,1227.300048828125,426.0
605,2018-10-17,1225.9000244140625,1225.9000244140625,1223.699951171875,1223.699951171875,1.0
606,2018-10-18,1226.5,1226.5,1226.5,1226.5,165.0
607,2018-10-19,1225.300048828125,1225.300048828125,1225.300048828125,1225.300048828125,55.0
608,2018-10-22,1224.5,1224.5,1219.5999755859375,1221.199951171875,18.0
609,2018-10-23,1224.800048828125,1237.800048828125,1224.800048828125,1233.4000244140625,33.0
610,2018-10-24,1231.5999755859375,1231.5999755859375,1227.800048828125,1227.800048828125,36.0
611,2018-10-25,1238.5999755859375,1238.5999755859375,1229.0999755859375,1229.0999755859375,7.0
612,2018-10-26,1234.300048828125,1234.800048828125,1232.5,1232.5,20.0
613,2018-10-29,1224.5,1224.5,1224.5,1224.5,214.0
614,2018-10-30,1227.699951171875,1227.699951171875,1219.800048828125,1222.5999755859375,72.0
615,2018-10-31,1216.0,1216.5999755859375,1212.0,1212.300048828125,121.0
616,2018-11-01,1215.4000244140625,1236.0,1215.4000244140625,1236.0,14.0
617,2018-11-02,1233.300048828125,1233.300048828125,1230.9000244140625,1230.9000244140625,18.0
618,2018-11-05,1230.5999755859375,1231.5,1226.699951171875,1229.800048828125,15.0
619,2018-11-06,1230.699951171875,1233.800048828125,1223.800048828125,1223.800048828125,4.0
620,2018-11-07,1228.5999755859375,1228.5999755859375,1226.199951171875,1226.199951171875,1.0
621,2018-11-08,1222.9000244140625,1222.9000244140625,1222.9000244140625,1222.9000244140625,2.0
622,2018-11-09,1207.9000244140625,1207.9000244140625,1206.4000244140625,1206.4000244140625,14.0
623,2018-11-12,1201.5999755859375,1201.5999755859375,1201.300048828125,1201.300048828125,1.0
624,2018-11-13,1196.300048828125,1201.300048828125,1196.300048828125,1199.199951171875,5.0
625,2018-11-14,1207.9000244140625,1207.9000244140625,1207.9000244140625,1207.9000244140625,5.0
626,2018-11-15,1212.800048828125,1212.800048828125,1212.800048828125,1212.800048828125,5.0
627,2018-11-16,1216.699951171875,1223.800048828125,1216.699951171875,1220.800048828125,5.0
628,2018-11-19,1223.0999755859375,1223.0999755859375,1223.0999755859375,1223.0999755859375,8.5
629,2018-11-20,1225.300048828125,1228.800048828125,1219.0,1219.0,12.0
630,2018-11-21,1225.800048828125,1225.800048828125,1225.800048828125,1225.800048828125,6.5
631,2018-11-23,1224.800048828125,1224.800048828125,1221.0,1221.0,1.0
632,2018-11-26,1220.199951171875,1222.0,1220.199951171875,1220.199951171875,2.0
633,2018-11-27,1221.9000244140625,1222.0,1211.199951171875,1211.199951171875,5.0
634,2018-11-28,1211.5,1221.4000244140625,1211.5,1221.4000244140625,247168.0
635,2018-11-29,1221.0,1228.699951171875,1220.5,1224.0999755859375,55478.0
636,2018-11-30,1224.0999755859375,1225.0,1216.0999755859375,1220.199951171875,2060.0
637,2018-12-03,1222.5,1234.0999755859375,1221.300048828125,1233.9000244140625,751.0
638,2018-12-04,1231.0,1241.4000244140625,1230.4000244140625,1241.0999755859375,474.0
639,2018-12-06,1237.5,1244.4000244140625,1234.800048828125,1238.0999755859375,434.0
640,2018-12-07,1238.300048828125,1249.800048828125,1237.5999755859375,1246.800048828125,211.0
641,2018-12-10,1249.5999755859375,1249.5999755859375,1241.699951171875,1243.699951171875,131.0
642,2018-12-11,1245.800048828125,1248.699951171875,1241.5,1241.9000244140625,117.0
643,2018-12-12,1245.300048828125,1245.5999755859375,1244.0999755859375,1244.4000244140625,84.0
644,2018-12-13,1243.5,1243.5,1241.0,1242.699951171875,194.0
645,2018-12-14,1241.699951171875,1241.699951171875,1234.0999755859375,1237.0,33.0
646,2018-12-17,1239.300048828125,1247.4000244140625,1239.300048828125,1247.4000244140625,10.0
647,2018-12-18,1248.199951171875,1249.199951171875,1245.5999755859375,1249.199951171875,31.0
648,2018-12-19,1255.800048828125,1255.800048828125,1252.0999755859375,1252.0999755859375,268.0
649,2018-12-20,1243.199951171875,1263.5999755859375,1243.199951171875,1263.5999755859375,49.0
650,2018-12-21,1260.300048828125,1261.300048828125,1253.800048828125,1253.800048828125,96.0
651,2018-12-24,1260.300048828125,1268.5,1260.300048828125,1267.5,27.0
652,2018-12-26,1269.300048828125,1277.4000244140625,1269.199951171875,1269.199951171875,63.0
653,2018-12-27,1276.699951171875,1277.300048828125,1276.699951171875,1277.300048828125,480.0
654,2018-12-28,1273.5,1280.0999755859375,1273.5,1279.9000244140625,805.0
655,2018-12-31,1278.0,1281.300048828125,1277.5999755859375,1278.300048828125,19.0
656,2019-01-02,1286.0,1286.0,1277.5999755859375,1281.0,149.0
657,2019-01-03,1286.800048828125,1292.0,1286.699951171875,1291.800048828125,10.0
658,2019-01-04,1294.199951171875,1294.199951171875,1275.300048828125,1282.699951171875,34.0
659,2019-01-07,1286.800048828125,1286.800048828125,1286.5999755859375,1286.800048828125,2.0
660,2019-01-08,1280.5,1283.199951171875,1278.199951171875,1283.199951171875,54.0
661,2019-01-09,1279.4000244140625,1289.300048828125,1279.199951171875,1289.300048828125,102.0
662,2019-01-10,1284.699951171875,1284.699951171875,1284.699951171875,1284.699951171875,56.5
663,2019-01-11,1291.199951171875,1291.199951171875,1286.300048828125,1287.0999755859375,11.0
664,2019-01-14,1292.4000244140625,1293.9000244140625,1289.0999755859375,1289.0999755859375,7.0
665,2019-01-15,1290.0999755859375,1292.699951171875,1286.199951171875,1286.199951171875,3.0
666,2019-01-16,1291.5999755859375,1291.5999755859375,1291.5999755859375,1291.5999755859375,2.0
667,2019-01-17,1291.5999755859375,1292.699951171875,1288.5,1291.0,10.0
668,2019-01-18,1281.300048828125,1281.300048828125,1281.300048828125,1281.300048828125,3.0
669,2019-01-22,1282.5,1283.300048828125,1282.5,1282.5,7.0
670,2019-01-23,1281.699951171875,1283.9000244140625,1278.699951171875,1283.0999755859375,14.0
671,2019-01-24,1279.0999755859375,1279.0999755859375,1278.5,1279.0999755859375,1.0
672,2019-01-25,1297.4000244140625,1297.4000244140625,1297.4000244140625,1297.4000244140625,27.5
673,2019-01-28,1300.800048828125,1307.0999755859375,1298.4000244140625,1302.4000244140625,54.0
674,2019-01-29,1308.199951171875,1308.199951171875,1308.199951171875,1308.199951171875,213607.0
675,2019-01-30,1310.4000244140625,1323.4000244140625,1308.0999755859375,1309.9000244140625,54958.0
676,2019-01-31,1320.0,1325.4000244140625,1316.699951171875,1319.699951171875,1970.0
677,2019-02-01,1320.300048828125,1320.699951171875,1315.4000244140625,1316.9000244140625,878.0
678,2019-02-04,1318.0999755859375,1318.0999755859375,1308.300048828125,1314.300048828125,675.0
679,2019-02-05,1311.0999755859375,1315.0999755859375,1311.0,1314.199951171875,362.0
680,2019-02-06,1312.5,1313.5,1305.0,1309.5,358.0
681,2019-02-07,1302.9000244140625,1310.4000244140625,1302.199951171875,1309.4000244140625,203.0
682,2019-02-08,1309.5,1314.0,1307.800048828125,1313.699951171875,122.0
683,2019-02-11,1313.4000244140625,1313.4000244140625,1304.699951171875,1307.0,119.0
684,2019-02-12,1310.0,1312.0,1307.5999755859375,1309.199951171875,109.0
685,2019-02-13,1311.5999755859375,1316.0,1308.0999755859375,1310.800048828125,143.0
686,2019-02-14,1305.0,1311.800048828125,1301.5999755859375,1309.800048828125,858.0
687,2019-02-15,1313.5999755859375,1318.800048828125,1313.5999755859375,1318.0999755859375,190.0
688,2019-02-19,1320.9000244140625,1340.0999755859375,1320.5,1340.0999755859375,390.0
689,2019-02-20,1342.199951171875,1344.0,1338.0,1343.300048828125,581.0
690,2019-02-21,1331.300048828125,1334.9000244140625,1320.9000244140625,1323.5,414.0
691,2019-02-22,1324.199951171875,1331.300048828125,1321.0,1329.199951171875,718.0
692,2019-02-25,1329.199951171875,1331.5999755859375,1325.5999755859375,1325.9000244140625,185.0
693,2019-02-26,1323.300048828125,1325.5,1323.300048828125,1325.0999755859375,939.0
694,2019-02-27,1327.699951171875,1327.9000244140625,1316.5,1317.699951171875,604.0
695,2019-02-28,1321.0999755859375,1323.699951171875,1311.5,1312.800048828125,141.0
696,2019-03-01,1312.199951171875,1312.199951171875,1288.9000244140625,1296.4000244140625,110.0
697,2019-03-04,1285.5,1287.0,1281.9000244140625,1284.800048828125,28.0
698,2019-03-05,1287.0,1287.0,1282.0,1282.0,114.0
699,2019-03-06,1287.0999755859375,1287.0999755859375,1282.5999755859375,1284.9000244140625,14.0
700,2019-03-07,1281.0,1284.5999755859375,1281.0,1283.800048828125,11.0
701,2019-03-08,1292.0999755859375,1297.4000244140625,1291.5999755859375,1297.0,10.0
702,2019-03-11,1291.0,1291.0,1288.800048828125,1288.800048828125,9.0
703,2019-03-12,1294.699951171875,1296.300048828125,1294.699951171875,1296.300048828125,1.0
704,2019-03-13,1307.5,1307.5,1307.5,1307.5,1.0
705,2019-03-14,1293.4000244140625,1293.4000244140625,1293.4000244140625,1293.4000244140625,1.0
706,2019-03-15,1300.9000244140625,1304.699951171875,1300.5,1301.800048828125,26.0
707,2019-03-18,1297.300048828125,1302.199951171875,1297.300048828125,1300.300048828125,8.0
708,2019-03-19,1306.9000244140625,1306.9000244140625,1304.800048828125,1305.0,20.0
709,2019-03-20,1300.699951171875,1300.699951171875,1300.5,1300.5,2.0
710,2019-03-21,1306.0999755859375,1306.0999755859375,1306.0999755859375,1306.0999755859375,7.666666666666667
711,2019-03-22,1311.5999755859375,1311.5999755859375,1311.5999755859375,1311.5999755859375,13.333333333333334
712,2019-03-25,1320.699951171875,1322.9000244140625,1320.699951171875,1321.9000244140625,19.0
713,2019-03-26,1315.5999755859375,1315.5999755859375,1314.300048828125,1314.300048828125,1.0
714,2019-03-27,1309.9000244140625,1309.9000244140625,1309.9000244140625,1309.9000244140625,206263.0
715,2019-03-28,1308.4000244140625,1311.0999755859375,1287.699951171875,1289.800048828125,87798.0
716,2019-03-29,1289.5999755859375,1298.5,1286.0999755859375,1293.0,1265.0
717,2019-04-01,1291.800048828125,1295.9000244140625,1285.699951171875,1288.4000244140625,675.0
718,2019-04-02,1286.300048828125,1290.9000244140625,1284.5,1290.0,525.0
719,2019-04-03,1291.4000244140625,1293.0999755859375,1287.5,1289.9000244140625,172.0
720,2019-04-04,1290.5999755859375,1292.5999755859375,1279.5,1289.0,269.0
721,2019-04-05,1292.0,1292.0,1283.5999755859375,1290.4000244140625,181.0
722,2019-04-08,1292.199951171875,1302.0999755859375,1291.800048828125,1297.0999755859375,63.0
723,2019-04-09,1298.5,1304.9000244140625,1298.5,1303.5,30.0
724,2019-04-10,1304.0,1309.0999755859375,1301.5,1309.0999755859375,66.0
725,2019-04-11,1307.0,1307.0999755859375,1288.5999755859375,1288.5999755859375,420.0
726,2019-04-12,1293.4000244140625,1293.4000244140625,1289.199951171875,1290.5999755859375,607.0
727,2019-04-15,1284.800048828125,1287.300048828125,1282.300048828125,1286.800048828125,523.0
728,2019-04-16,1285.199951171875,1285.199951171875,1272.199951171875,1272.5999755859375,643.0
729,2019-04-17,1273.5,1273.5,1271.5999755859375,1272.199951171875,308.0
730,2019-04-18,1270.800048828125,1273.5999755859375,1270.0999755859375,1271.9000244140625,27.0
731,2019-04-22,1273.5,1273.5,1273.5,1273.5,147.0
732,2019-04-23,1266.4000244140625,1269.800048828125,1266.0,1269.300048828125,206.0
733,2019-04-24,1268.4000244140625,1275.5,1267.800048828125,1275.5,518.0
734,2019-04-25,1280.5999755859375,1280.800048828125,1275.800048828125,1275.800048828125,95.0
735,2019-04-26,1284.9000244140625,1284.9000244140625,1284.9000244140625,1284.9000244140625,804.0
736,2019-04-29,1284.800048828125,1284.9000244140625,1277.0999755859375,1278.5999755859375,568.0
737,2019-04-30,1281.699951171875,1283.300048828125,1280.800048828125,1282.800048828125,114.0
738,2019-05-01,1278.699951171875,1283.300048828125,1278.699951171875,1281.4000244140625,70.0
739,2019-05-02,1269.199951171875,1270.800048828125,1266.5999755859375,1269.699951171875,63.0
740,2019-05-03,1270.0999755859375,1279.199951171875,1270.0999755859375,1279.199951171875,15.0
741,2019-05-06,1282.199951171875,1282.199951171875,1280.300048828125,1281.699951171875,12.0
742,2019-05-07,1280.5,1283.5,1280.5,1283.5,8.0
743,2019-05-08,1279.4000244140625,1279.4000244140625,1279.4000244140625,1279.4000244140625,5.0
744,2019-05-09,1278.9000244140625,1285.0,1278.800048828125,1283.5,38.0
745,2019-05-10,1285.4000244140625,1286.5,1283.300048828125,1285.699951171875,6.0
746,2019-05-13,1286.699951171875,1300.0999755859375,1281.800048828125,1300.0999755859375,56.0
747,2019-05-14,1297.800048828125,1297.800048828125,1294.699951171875,1294.699951171875,6.0
748,2019-05-15,1296.9000244140625,1296.9000244140625,1296.0,1296.300048828125,55.0
749,2019-05-16,1285.199951171875,1285.4000244140625,1285.0,1285.0,3.0
750,2019-05-17,1280.0,1280.0,1274.5,1274.5,1.0
751,2019-05-20,1276.0999755859375,1276.0999755859375,1276.0999755859375,1276.0999755859375,20.0
752,2019-05-21,1272.0,1272.0,1272.0,1272.0,17.25
753,2019-05-22,1273.5999755859375,1273.5999755859375,1273.5999755859375,1273.5999755859375,14.5
754,2019-05-23,1284.800048828125,1284.800048828125,1284.800048828125,1284.800048828125,11.75
755,2019-05-24,1283.0,1283.0,1283.0,1283.0,9.0
756,2019-05-28,1276.5,1276.5,1276.5,1276.5,94851.5
757,2019-05-29,1280.5999755859375,1280.5999755859375,1280.5999755859375,1280.5999755859375,189694.0
758,2019-05-30,1279.4000244140625,1288.300048828125,1273.9000244140625,1287.0999755859375,55573.0
759,2019-05-31,1287.699951171875,1306.4000244140625,1287.5,1305.800048828125,2814.0
760,2019-06-03,1307.0,1327.800048828125,1307.0,1322.699951171875,812.0
761,2019-06-04,1324.300048828125,1328.5999755859375,1320.800048828125,1323.4000244140625,302.0
762,2019-06-05,1328.9000244140625,1343.300048828125,1326.300048828125,1328.300048828125,622.0
763,2019-06-06,1330.800048828125,1338.699951171875,1326.199951171875,1337.5999755859375,161.0
764,2019-06-07,1333.0999755859375,1347.699951171875,1329.800048828125,1341.199951171875,240.0
765,2019-06-10,1335.800048828125,1336.5,1324.0999755859375,1324.699951171875,268.0
766,2019-06-11,1328.4000244140625,1328.4000244140625,1319.0999755859375,1326.4000244140625,201.0
767,2019-06-12,1326.9000244140625,1334.5,1326.9000244140625,1331.9000244140625,139.0
768,2019-06-13,1331.5999755859375,1341.0999755859375,1331.5999755859375,1339.199951171875,157.0
769,2019-06-14,1345.4000244140625,1355.4000244140625,1339.300048828125,1340.0999755859375,914.0
770,2019-06-17,1339.0,1340.300048828125,1335.0,1338.699951171875,76.0
771,2019-06-18,1349.300048828125,1349.300048828125,1341.5999755859375,1346.5999755859375,29.0
772,2019-06-19,1344.0,1344.5999755859375,1344.0,1344.5999755859375,129.0
773,2019-06-20,1381.5,1392.9000244140625,1379.5,1392.9000244140625,76.0
774,2019-06-21,1406.0,1406.0,1390.300048828125,1396.199951171875,35.0
775,2019-06-24,1406.0,1420.5999755859375,1402.0999755859375,1414.300048828125,125.0
776,2019-06-25,1418.0999755859375,1433.300048828125,1414.9000244140625,1414.9000244140625,105.0
777,2019-06-26,1407.199951171875,1413.300048828125,1405.800048828125,1411.5999755859375,1333.0
778,2019-06-27,1407.0,1410.800048828125,1399.800048828125,1408.4000244140625,437.0
779,2019-06-28,1408.300048828125,1422.0,1408.300048828125,1409.699951171875,356.0
780,2019-07-01,1386.5999755859375,1395.800048828125,1382.800048828125,1385.5999755859375,214.0
781,2019-07-02,1391.0999755859375,1418.4000244140625,1390.800048828125,1404.5999755859375,38.0
782,2019-07-03,1431.0,1434.0,1413.0999755859375,1417.699951171875,46.0
783,2019-07-05,1418.300048828125,1418.300048828125,1390.199951171875,1396.699951171875,20.0
784,2019-07-08,1395.9000244140625,1397.0,1393.5999755859375,1397.0,14.0
785,2019-07-09,1394.5,1397.5,1386.199951171875,1397.5,53.0
786,2019-07-10,1409.9000244140625,1410.0999755859375,1409.9000244140625,1410.0999755859375,50.0
787,2019-07-11,1424.0,1424.0,1404.300048828125,1404.300048828125,6.0
788,2019-07-12,1405.5999755859375,1410.0999755859375,1405.5999755859375,1409.9000244140625,8.0
789,2019-07-15,1414.4000244140625,1415.0,1411.4000244140625,1411.4000244140625,25.0
790,2019-07-16,1413.5999755859375,1413.699951171875,1405.0,1409.199951171875,13.0
791,2019-07-17,1404.5999755859375,1421.300048828125,1404.5999755859375,1421.300048828125,6.0
792,2019-07-18,1422.300048828125,1444.199951171875,1419.5,1426.0999755859375,66.0
793,2019-07-19,1440.5,1442.0,1425.0999755859375,1425.0999755859375,22.0
794,2019-07-22,1425.300048828125,1425.300048828125,1424.0,1425.300048828125,1.0
795,2019-07-23,1418.5999755859375,1421.300048828125,1416.300048828125,1420.0999755859375,5.0
796,2019-07-24,1422.800048828125,1422.800048828125,1422.800048828125,1422.800048828125,20.0
797,2019-07-25,1413.9000244140625,1413.9000244140625,1413.9000244140625,1413.9000244140625,4.0
798,2019-07-26,1422.800048828125,1423.0,1418.5,1418.5,5.0
799,2019-07-29,1419.5999755859375,1419.5999755859375,1419.5999755859375,1419.5999755859375,224267.0
800,2019-07-30,1426.300048828125,1433.9000244140625,1422.0999755859375,1429.699951171875,73874.0
801,2019-07-31,1431.300048828125,1435.800048828125,1411.199951171875,1426.0999755859375,3294.0
802,2019-08-01,1411.300048828125,1445.199951171875,1400.9000244140625,1420.9000244140625,2431.0
803,2019-08-02,1448.0,1448.0,1432.300048828125,1445.5999755859375,1873.0
804,2019-08-05,1440.4000244140625,1469.699951171875,1440.4000244140625,1464.5999755859375,1008.0
805,2019-08-06,1469.699951171875,1475.0,1457.699951171875,1472.4000244140625,460.0
806,2019-08-07,1473.5,1509.9000244140625,1473.199951171875,1507.300048828125,824.0
807,2019-08-08,1498.4000244140625,1508.5,1492.0,1497.699951171875,367.0
808,2019-08-09,1506.199951171875,1507.5,1495.5999755859375,1496.5999755859375,74.0
809,2019-08-12,1496.0,1514.9000244140625,1488.0999755859375,1505.300048828125,257.0
810,2019-08-13,1510.4000244140625,1531.4000244140625,1483.699951171875,1502.199951171875,672.0
811,2019-08-14,1500.0,1520.5,1497.0,1515.9000244140625,328.0
812,2019-08-15,1519.800048828125,1522.699951171875,1510.5999755859375,1519.5999755859375,87.0
813,2019-08-16,1524.5999755859375,1524.5999755859375,1504.699951171875,1512.5,1815.0
814,2019-08-19,1507.199951171875,1507.5999755859375,1492.9000244140625,1500.4000244140625,205.0
815,2019-08-20,1497.5,1506.0999755859375,1497.5,1504.5999755859375,486.0
816,2019-08-21,1504.9000244140625,1505.0,1498.800048828125,1504.5999755859375,350.0
817,2019-08-22,1495.0999755859375,1497.300048828125,1493.800048828125,1497.300048828125,686.0
818,2019-08-23,1493.5,1527.5999755859375,1493.5,1526.5999755859375,983.0
819,2019-08-26,1543.199951171875,1543.300048828125,1524.300048828125,1526.300048828125,334.0
820,2019-08-27,1530.5,1542.0999755859375,1528.5,1541.0,166.0
821,2019-08-28,1538.0999755859375,1538.0999755859375,1537.800048828125,1537.800048828125,2756.0
822,2019-08-29,1537.5,1549.300048828125,1519.5999755859375,1526.5,704.0
823,2019-08-30,1524.5999755859375,1530.4000244140625,1516.699951171875,1519.0999755859375,276.0
824,2019-09-03,1522.9000244140625,1547.300048828125,1521.0,1545.9000244140625,139.0
825,2019-09-04,1549.0,1553.199951171875,1534.800048828125,1550.300048828125,46.0
826,2019-09-05,1551.0,1551.0999755859375,1511.0999755859375,1515.4000244140625,125.0
827,2019-09-06,1517.300048828125,1526.0,1504.5,1506.199951171875,54.0
828,2019-09-09,1509.0,1513.0,1498.0,1502.199951171875,69.0
829,2019-09-10,1498.5,1498.5,1486.9000244140625,1490.300048828125,23.0
830,2019-09-11,1491.699951171875,1496.5999755859375,1490.199951171875,1494.4000244140625,8.0
831,2019-09-12,1499.5,1515.4000244140625,1498.699951171875,1498.699951171875,27.0
832,2019-09-13,1490.9000244140625,1490.9000244140625,1486.9000244140625,1490.9000244140625,1.0
833,2019-09-16,1506.5999755859375,1506.800048828125,1496.9000244140625,1503.0999755859375,21.0
834,2019-09-17,1497.9000244140625,1505.0999755859375,1497.9000244140625,1505.0999755859375,3.0
835,2019-09-18,1508.9000244140625,1509.4000244140625,1489.300048828125,1507.5,8.0
836,2019-09-19,1496.0999755859375,1502.4000244140625,1496.0999755859375,1498.4000244140625,10.0
837,2019-09-20,1503.0,1507.300048828125,1503.0,1507.300048828125,2.0
838,2019-09-23,1515.5,1523.699951171875,1515.5,1523.699951171875,5.0
839,2019-09-24,1515.0999755859375,1533.0,1515.0999755859375,1532.0999755859375,25.0
840,2019-09-25,1527.5999755859375,1527.9000244140625,1504.5999755859375,1504.5999755859375,25.0
841,2019-09-26,1507.5,1507.5,1507.5,1507.5,8178.0
842,2019-09-27,1504.199951171875,1506.0999755859375,1485.5999755859375,1499.0999755859375,7827.0
843,2019-09-30,1495.9000244140625,1495.9000244140625,1463.5,1465.699951171875,1078.0
844,2019-10-01,1468.699951171875,1485.5,1458.300048828125,1482.0,219.0
845,2019-10-02,1476.5999755859375,1503.699951171875,1474.0999755859375,1501.0,205.0
846,2019-10-03,1497.4000244140625,1518.199951171875,1496.5999755859375,1507.0999755859375,1213.0
847,2019-10-04,1505.5999755859375,1508.699951171875,1497.0999755859375,1506.199951171875,233.0
848,2019-10-07,1504.800048828125,1505.800048828125,1489.0999755859375,1497.699951171875,121.0
849,2019-10-08,1489.4000244140625,1506.300048828125,1489.300048828125,1497.199951171875,46.0
850,2019-10-09,1507.699951171875,1507.699951171875,1498.4000244140625,1506.0999755859375,120.0
851,2019-10-10,1511.199951171875,1511.199951171875,1490.5999755859375,1494.800048828125,78.0
852,2019-10-11,1491.9000244140625,1494.9000244140625,1476.9000244140625,1482.699951171875,57.0
853,2019-10-14,1484.4000244140625,1493.5,1481.300048828125,1491.699951171875,400.0
854,2019-10-15,1488.9000244140625,1495.4000244140625,1476.5999755859375,1477.5999755859375,367.0
855,2019-10-16,1482.0,1488.0,1480.0,1488.0,383.0
856,2019-10-17,1486.199951171875,1493.199951171875,1485.800048828125,1492.300048828125,271.0
857,2019-10-18,1487.300048828125,1489.0999755859375,1486.5999755859375,1488.199951171875,82.0
858,2019-10-21,1489.9000244140625,1489.9000244140625,1481.5,1482.4000244140625,72.0
859,2019-10-22,1483.4000244140625,1483.5,1481.699951171875,1481.699951171875,99.0
860,2019-10-23,1486.4000244140625,1490.300048828125,1486.4000244140625,1489.9000244140625,67.0
861,2019-10-24,1490.5,1501.199951171875,1485.9000244140625,1498.9000244140625,115.0
862,2019-10-25,1501.4000244140625,1514.300048828125,1499.0,1499.5,93.0
863,2019-10-28,1504.0999755859375,1504.0999755859375,1490.0,1490.0,37.0
864,2019-10-29,1485.9000244140625,1487.0,1485.9000244140625,1487.0,425.0
865,2019-10-30,1487.199951171875,1495.4000244140625,1481.0,1493.199951171875,320.0
866,2019-10-31,1496.0999755859375,1513.0999755859375,1496.0999755859375,1511.4000244140625,210.0
867,2019-11-01,1511.0,1511.5999755859375,1503.0,1508.0,235.0
868,2019-11-04,1511.5999755859375,1511.5999755859375,1508.0,1508.0,101.0
869,2019-11-05,1507.0999755859375,1507.0999755859375,1480.800048828125,1480.800048828125,31.0
870,2019-11-06,1483.199951171875,1491.0,1483.199951171875,1490.199951171875,567.0
871,2019-11-07,1489.0999755859375,1489.0999755859375,1464.199951171875,1464.199951171875,581.0
872,2019-11-08,1469.0999755859375,1469.0999755859375,1461.300048828125,1461.300048828125,21.0
873,2019-11-11,1461.0,1461.0,1449.300048828125,1455.5,22.0
874,2019-11-12,1454.9000244140625,1454.9000244140625,1447.0999755859375,1452.0999755859375,6.0
875,2019-11-13,1456.800048828125,1463.300048828125,1456.800048828125,1461.699951171875,56.0
876,2019-11-14,1463.800048828125,1471.800048828125,1463.699951171875,1471.800048828125,83.0
877,2019-11-15,1469.0999755859375,1469.0999755859375,1467.300048828125,1467.300048828125,13.0
878,2019-11-18,1472.0,1472.0,1469.699951171875,1470.9000244140625,141.0
879,2019-11-19,1467.699951171875,1474.300048828125,1467.699951171875,1473.300048828125,18.0
880,2019-11-20,1472.5999755859375,1474.5,1467.300048828125,1473.300048828125,31.0
881,2019-11-21,1463.0999755859375,1463.0999755859375,1463.0999755859375,1463.0999755859375,16.0
882,2019-11-22,1468.5999755859375,1468.5999755859375,1463.0999755859375,1463.0999755859375,19.0
883,2019-11-25,1457.0999755859375,1457.0999755859375,1455.5,1456.5999755859375,14.0
884,2019-11-26,1459.800048828125,1459.800048828125,1459.800048828125,1459.800048828125,346362.0
885,2019-11-27,1461.0999755859375,1461.9000244140625,1452.0,1453.4000244140625,88364.0
886,2019-11-29,1453.5999755859375,1465.5999755859375,1452.0999755859375,1465.5999755859375,7020.0
887,2019-12-02,1462.800048828125,1464.4000244140625,1453.300048828125,1462.300048828125,2172.0
888,2019-12-03,1461.5999755859375,1480.4000244140625,1459.5,1478.199951171875,1460.0
889,2019-12-04,1477.5,1483.4000244140625,1471.199951171875,1474.0,613.0
890,2019-12-05,1474.699951171875,1478.0,1472.300048828125,1476.9000244140625,907.0
891,2019-12-06,1475.0,1476.0,1458.199951171875,1459.0999755859375,899.0
892,2019-12-09,1458.800048828125,1464.199951171875,1458.5999755859375,1459.300048828125,1461.0
893,2019-12-10,1460.699951171875,1467.199951171875,1460.699951171875,1462.5999755859375,367.0
894,2019-12-11,1463.0999755859375,1475.4000244140625,1463.0999755859375,1469.4000244140625,393.0
895,2019-12-12,1475.0999755859375,1483.9000244140625,1463.699951171875,1466.699951171875,955.0
896,2019-12-13,1463.0999755859375,1475.9000244140625,1463.0999755859375,1475.5999755859375,468.0
897,2019-12-16,1473.800048828125,1475.300048828125,1473.800048828125,1475.0,99.0
898,2019-12-17,1474.0999755859375,1476.9000244140625,1474.0,1474.5999755859375,410.0
899,2019-12-18,1472.5999755859375,1472.5999755859375,1472.5999755859375,1472.5999755859375,250.0
900,2019-12-19,1475.9000244140625,1478.9000244140625,1473.300048828125,1478.199951171875,319.0
901,2019-12-20,1476.699951171875,1478.0999755859375,1474.699951171875,1474.699951171875,118.0
902,2019-12-23,1482.300048828125,1482.5,1479.9000244140625,1482.5,391.0
903,2019-12-24,1488.699951171875,1499.0999755859375,1488.699951171875,1499.0999755859375,52.0
904,2019-12-26,1505.199951171875,1512.300048828125,1505.0,1509.300048828125,126.0
905,2019-12-27,1513.800048828125,1513.800048828125,1513.800048828125,1513.800048828125,839.0
906,2019-12-30,1512.5999755859375,1515.0999755859375,1510.0,1514.5,446.0
907,2019-12-31,1513.800048828125,1523.4000244140625,1513.800048828125,1519.5,301.0
908,2020-01-02,1518.0999755859375,1528.699951171875,1518.0,1524.5,214.0
909,2020-01-03,1530.0999755859375,1552.699951171875,1530.0999755859375,1549.199951171875,107.0
910,2020-01-06,1580.0,1580.0,1560.4000244140625,1566.199951171875,416.0
911,2020-01-07,1558.300048828125,1576.300048828125,1558.300048828125,1571.800048828125,47.0
912,2020-01-08,1579.699951171875,1604.199951171875,1552.300048828125,1557.4000244140625,236.0
913,2020-01-09,1555.699951171875,1555.699951171875,1543.300048828125,1551.699951171875,54.0
914,2020-01-10,1551.199951171875,1558.800048828125,1545.4000244140625,1557.5,16.0
915,2020-01-13,1557.4000244140625,1558.0,1548.4000244140625,1548.4000244140625,48.0
916,2020-01-14,1546.699951171875,1546.699951171875,1534.9000244140625,1542.4000244140625,32.0
917,2020-01-15,1548.0,1553.9000244140625,1545.5999755859375,1552.0999755859375,11.0
918,2020-01-16,1555.699951171875,1556.0999755859375,1548.5,1549.0,98.0
919,2020-01-17,1554.0999755859375,1558.800048828125,1553.5999755859375,1558.800048828125,108.0
920,2020-01-21,1559.300048828125,1566.199951171875,1551.0,1556.4000244140625,45.0
921,2020-01-22,1549.800048828125,1557.0999755859375,1549.800048828125,1555.300048828125,42.0
922,2020-01-23,1553.0999755859375,1564.5999755859375,1552.199951171875,1564.5999755859375,15.0
923,2020-01-24,1556.300048828125,1571.0999755859375,1556.300048828125,1571.0999755859375,43.0
924,2020-01-27,1584.300048828125,1584.5,1576.800048828125,1576.800048828125,22.0
925,2020-01-28,1576.4000244140625,1576.4000244140625,1569.199951171875,1569.199951171875,3.0
926,2020-01-29,1569.800048828125,1569.800048828125,1569.800048828125,1569.800048828125,251274.0
927,2020-01-30,1576.800048828125,1585.0,1571.4000244140625,1583.5,62336.0
928,2020-01-31,1573.4000244140625,1589.0,1570.0,1582.9000244140625,1095.0
929,2020-02-03,1592.9000244140625,1593.300048828125,1568.199951171875,1577.199951171875,1062.0
930,2020-02-04,1577.699951171875,1577.699951171875,1547.800048828125,1550.4000244140625,978.0
931,2020-02-05,1553.199951171875,1560.699951171875,1547.699951171875,1557.800048828125,1305.0
932,2020-02-06,1553.5999755859375,1565.5999755859375,1551.5999755859375,1565.0999755859375,110.0
933,2020-02-07,1564.9000244140625,1571.9000244140625,1560.5,1568.5999755859375,431.0
934,2020-02-10,1569.300048828125,1574.699951171875,1568.5999755859375,1574.699951171875,128.0
935,2020-02-11,1570.9000244140625,1571.0999755859375,1561.9000244140625,1565.5999755859375,440.0
936,2020-02-12,1565.199951171875,1568.699951171875,1561.0,1567.4000244140625,36.0
937,2020-02-13,1570.199951171875,1575.0999755859375,1570.199951171875,1575.0999755859375,74.0
938,2020-02-14,1575.800048828125,1582.699951171875,1574.800048828125,1582.699951171875,68.0
939,2020-02-18,1579.800048828125,1604.300048828125,1579.800048828125,1600.0,310.0
940,2020-02-19,1600.5999755859375,1610.5,1599.699951171875,1607.5,542.0
941,2020-02-20,1606.5,1621.0,1603.0,1616.5999755859375,117.0
942,2020-02-21,1619.300048828125,1645.0,1619.300048828125,1644.5999755859375,186.0
943,2020-02-24,1657.0,1686.5999755859375,1650.0,1672.4000244140625,435.0
944,2020-02-25,1645.0999755859375,1653.699951171875,1632.300048828125,1646.9000244140625,409.0
945,2020-02-26,1644.0,1648.0999755859375,1636.4000244140625,1640.0,1990.0
946,2020-02-27,1641.0999755859375,1658.0,1638.5,1640.0,707.0
947,2020-02-28,1640.300048828125,1642.5,1564.0999755859375,1564.0999755859375,289.0
948,2020-03-02,1583.9000244140625,1608.300048828125,1574.300048828125,1592.300048828125,537.0
949,2020-03-03,1594.5,1645.300048828125,1594.0,1642.0999755859375,610.0
950,2020-03-04,1645.4000244140625,1645.9000244140625,1631.300048828125,1641.0999755859375,83.0
951,2020-03-05,1637.300048828125,1672.9000244140625,1637.199951171875,1666.4000244140625,154.0
952,2020-03-06,1670.800048828125,1686.199951171875,1647.199951171875,1670.800048828125,175.0
953,2020-03-09,1696.0999755859375,1701.5999755859375,1657.699951171875,1674.5,161.0
954,2020-03-10,1671.5999755859375,1674.5999755859375,1643.0,1659.0999755859375,48.0
955,2020-03-11,1656.5999755859375,1666.5,1635.0,1641.4000244140625,47.0
956,2020-03-12,1637.0,1647.5,1566.4000244140625,1589.300048828125,256.0
957,2020-03-13,1574.9000244140625,1589.800048828125,1513.800048828125,1515.699951171875,89.0
958,2020-03-16,1569.0999755859375,1569.0999755859375,1452.0999755859375,1485.9000244140625,193.0
959,2020-03-17,1469.300048828125,1537.699951171875,1469.300048828125,1524.9000244140625,122.0
960,2020-03-18,1537.5,1542.0,1477.300048828125,1477.300048828125,333.0
961,2020-03-19,1481.5,1491.5999755859375,1471.0,1478.5999755859375,262.0
962,2020-03-20,1483.5,1484.0,1483.5,1484.0,14.0
963,2020-03-23,1505.300048828125,1567.0,1490.199951171875,1567.0,51.0
964,2020-03-24,1592.699951171875,1685.5,1592.699951171875,1660.199951171875,442.0
965,2020-03-25,1676.5,1676.5,1631.0999755859375,1632.300048828125,476.0
966,2020-03-26,1660.5,1660.5,1650.0999755859375,1650.0999755859375,3.0
967,2020-03-27,1623.9000244140625,1623.9000244140625,1623.9000244140625,1623.9000244140625,100638.0
968,2020-03-30,1641.199951171875,1652.800048828125,1607.199951171875,1622.0,16389.0
969,2020-03-31,1618.699951171875,1621.0,1576.0,1583.4000244140625,2874.0
970,2020-04-01,1570.0,1600.0,1570.0,1578.199951171875,2158.0
971,2020-04-02,1590.9000244140625,1631.199951171875,1586.0,1625.699951171875,1294.0
972,2020-04-03,1624.5,1636.0,1619.800048828125,1633.699951171875,643.0
973,2020-04-06,1629.0999755859375,1696.699951171875,1625.9000244140625,1677.0,1063.0
974,2020-04-07,1695.699951171875,1724.4000244140625,1658.0,1664.800048828125,1144.0
975,2020-04-08,1669.699951171875,1677.0,1662.5,1665.4000244140625,747.0
976,2020-04-09,1662.699951171875,1736.199951171875,1662.699951171875,1736.199951171875,825.0
977,2020-04-13,1722.0,1756.800048828125,1710.699951171875,1744.800048828125,696.0
978,2020-04-14,1756.800048828125,1775.0,1739.5,1756.699951171875,675.0
979,2020-04-15,1739.4000244140625,1744.9000244140625,1722.699951171875,1727.199951171875,642.0
980,2020-04-16,1731.0,1750.5999755859375,1715.0,1720.4000244140625,162.0
981,2020-04-17,1715.699951171875,1725.0,1684.9000244140625,1689.199951171875,223.0
982,2020-04-20,1686.0,1701.5999755859375,1680.0,1701.5999755859375,106.0
983,2020-04-21,1697.0,1707.0999755859375,1659.9000244140625,1678.199951171875,666.0
984,2020-04-22,1696.0,1728.699951171875,1684.800048828125,1728.699951171875,453.0
985,2020-04-23,1734.0,1745.0999755859375,1733.300048828125,1733.300048828125,482.0
986,2020-04-24,1744.0,1744.0,1714.5,1723.5,221.0
987,2020-04-27,1731.9000244140625,1731.9000244140625,1711.9000244140625,1711.9000244140625,169.0
988,2020-04-28,1716.5999755859375,1716.5999755859375,1707.0999755859375,1710.5,1255.0
989,2020-04-29,1710.0,1713.5,1702.0,1703.4000244140625,373.0
990,2020-04-30,1719.300048828125,1719.300048828125,1680.800048828125,1684.199951171875,327.0
991,2020-05-01,1686.5999755859375,1701.5,1670.5,1694.5,337.0
992,2020-05-04,1702.5999755859375,1709.0,1699.5999755859375,1706.9000244140625,320.0
993,2020-05-05,1701.5,1704.4000244140625,1697.199951171875,1704.4000244140625,82.0
994,2020-05-06,1704.0,1704.0,1684.199951171875,1684.199951171875,469.0
995,2020-05-07,1686.199951171875,1721.800048828125,1685.5999755859375,1721.800048828125,853.0
996,2020-05-08,1726.199951171875,1728.9000244140625,1703.800048828125,1709.9000244140625,330.0
997,2020-05-11,1702.300048828125,1704.5,1690.199951171875,1695.300048828125,749.0
998,2020-05-12,1699.300048828125,1713.0999755859375,1699.300048828125,1704.4000244140625,324.0
999,2020-05-13,1702.0,1721.300048828125,1701.9000244140625,1713.9000244140625,431.0
1000,2020-05-14,1724.300048828125,1743.0999755859375,1720.5,1738.0999755859375,672.0
1001,2020-05-15,1739.699951171875,1753.4000244140625,1739.699951171875,1753.4000244140625,719.0
1002,2020-05-18,1755.699951171875,1770.5,1731.800048828125,1731.800048828125,229.0
1003,2020-05-19,1744.199951171875,1749.5,1744.199951171875,1744.199951171875,167.0
1004,2020-05-20,1751.5999755859375,1752.0999755859375,1745.5999755859375,1750.5999755859375,16.0
1005,2020-05-21,1746.800048828125,1746.800048828125,1720.5,1720.5,528.0
1006,2020-05-22,1726.5999755859375,1734.5999755859375,1726.5999755859375,1734.5999755859375,6.0
1007,2020-05-26,1726.4000244140625,1726.4000244140625,1704.800048828125,1704.800048828125,39.0
1008,2020-05-27,1685.5999755859375,1710.300048828125,1685.5999755859375,1710.300048828125,137416.0
1009,2020-05-28,1709.300048828125,1727.800048828125,1705.0,1713.300048828125,23355.0
1010,2020-05-29,1718.800048828125,1738.300048828125,1715.0999755859375,1736.9000244140625,1526.0
1011,2020-06-01,1740.4000244140625,1747.0,1727.0999755859375,1737.800048828125,871.0
1012,2020-06-02,1743.0,1745.5,1721.800048828125,1725.199951171875,741.0
1013,2020-06-03,1726.300048828125,1726.300048828125,1684.5,1697.800048828125,2755.0
1014,2020-06-04,1694.5,1718.9000244140625,1694.5,1718.9000244140625,807.0
1015,2020-06-05,1711.800048828125,1711.800048828125,1668.5999755859375,1676.199951171875,1502.0
1016,2020-06-08,1679.0999755859375,1699.4000244140625,1675.9000244140625,1698.300048828125,587.0
1017,2020-06-09,1694.5999755859375,1720.9000244140625,1692.0,1714.699951171875,690.0
1018,2020-06-10,1716.0999755859375,1740.800048828125,1711.9000244140625,1713.300048828125,718.0
1019,2020-06-11,1737.199951171875,1744.0999755859375,1720.0,1732.0,347.0
1020,2020-06-12,1724.9000244140625,1743.0,1724.9000244140625,1729.300048828125,318.0
1021,2020-06-15,1730.0,1730.0,1703.300048828125,1720.300048828125,188.0
1022,2020-06-16,1726.300048828125,1729.5999755859375,1722.4000244140625,1729.5999755859375,22.0
1023,2020-06-17,1714.699951171875,1729.199951171875,1714.699951171875,1729.199951171875,51.0
1024,2020-06-18,1730.5,1734.0999755859375,1717.300048828125,1724.800048828125,110.0
1025,2020-06-19,1723.699951171875,1750.699951171875,1723.5,1745.9000244140625,1329.0
1026,2020-06-22,1755.199951171875,1767.5999755859375,1750.5,1756.699951171875,1356.0
1027,2020-06-23,1755.4000244140625,1776.300048828125,1754.199951171875,1772.0999755859375,666.0
1028,2020-06-24,1778.300048828125,1783.0999755859375,1764.5,1765.800048828125,961.0
1029,2020-06-25,1761.699951171875,1764.800048828125,1759.800048828125,1762.0999755859375,207.0
1030,2020-06-26,1766.0,1772.5,1764.699951171875,1772.5,640.0
1031,2020-06-29,1779.800048828125,1780.199951171875,1774.300048828125,1774.800048828125,584.0
1032,2020-06-30,1777.300048828125,1793.199951171875,1774.4000244140625,1793.0,986.0
1033,2020-07-01,1793.5999755859375,1798.0,1765.800048828125,1773.199951171875,331.0
1034,2020-07-02,1773.4000244140625,1784.0,1768.699951171875,1784.0,215.0
1035,2020-07-06,1788.199951171875,1790.0999755859375,1788.199951171875,1788.5,172.0
1036,2020-07-07,1789.300048828125,1804.199951171875,1783.300048828125,1804.199951171875,751.0
1037,2020-07-08,1801.5,1817.9000244140625,1801.5,1815.5,209.0
1038,2020-07-09,1816.0999755859373,1819.800048828125,1799.199951171875,1799.199951171875,396.0
1039,2020-07-10,1805.5,1805.5,1797.699951171875,1798.199951171875,236.0
1040,2020-07-13,1805.0,1811.0,1805.0,1811.0,164.0
1041,2020-07-14,1791.0,1811.5,1791.0,1810.5999755859373,339.0
1042,2020-07-15,1806.0999755859373,1813.5,1806.0999755859373,1811.4000244140625,167.0
1043,2020-07-16,1810.9000244140625,1810.9000244140625,1794.300048828125,1798.699951171875,146.0
1044,2020-07-17,1798.5,1810.0999755859373,1798.5,1808.300048828125,24.0
1045,2020-07-20,1807.0,1817.300048828125,1807.0,1815.9000244140625,89.0
1046,2020-07-21,1822.0,1842.4000244140625,1822.0,1842.4000244140625,117.0
1047,2020-07-22,1858.0999755859373,1867.0,1854.699951171875,1864.0999755859373,213.0
1048,2020-07-23,1868.699951171875,1890.300048828125,1868.5,1889.0999755859373,133.0
1049,2020-07-24,1884.300048828125,1897.300048828125,1884.300048828125,1897.300048828125,474.0
1050,2020-07-27,1901.699951171875,1938.0,1901.5,1931.0,364.0
1051,2020-07-28,1931.5,1944.699951171875,1928.5999755859373,1944.699951171875,825.0
1052,2020-07-29,1953.199951171875,1953.5,1952.5999755859373,1953.5,209835.0
1053,2020-07-30,1963.4000244140625,1965.0999755859373,1930.0,1942.300048828125,28853.0
1054,2020-07-31,1948.5999755859373,1981.0999755859373,1948.0,1962.800048828125,2914.0
1055,2020-08-03,1984.300048828125,1984.300048828125,1955.5,1966.0,683.0
1056,2020-08-04,1971.0,2016.199951171875,1968.800048828125,2001.199951171875,2010.0
1057,2020-08-05,2024.0,2050.199951171875,2011.0,2031.0999755859373,1422.0
1058,2020-08-06,2045.5,2063.0,2040.0,2051.5,294.0
1059,2020-08-07,2040.0999755859373,2055.0,2009.5999755859373,2010.0999755859373,808.0
1060,2020-08-10,2026.4000244140625,2043.800048828125,2017.5,2024.4000244140625,233.0
1061,2020-08-11,2012.4000244140625,2016.0,1904.0,1932.5999755859373,971.0
1062,2020-08-12,1923.0,1946.5999755859373,1871.5999755859373,1934.9000244140625,404.0
1063,2020-08-13,1921.5,1957.4000244140625,1916.9000244140625,1956.699951171875,71.0
1064,2020-08-14,1938.699951171875,1947.4000244140625,1937.0,1937.0,201.0
1065,2020-08-17,1949.5999755859373,1985.0,1949.5999755859373,1985.0,97.0
1066,2020-08-18,2001.0999755859373,2002.800048828125,1972.0999755859373,1999.4000244140625,92.0
1067,2020-08-19,1980.0,1980.0,1938.699951171875,1958.699951171875,347.0
1068,2020-08-20,1941.199951171875,1948.300048828125,1922.300048828125,1933.800048828125,106.0
1069,2020-08-21,1941.0,1945.0,1908.9000244140625,1934.5999755859373,184.0
1070,2020-08-24,1930.199951171875,1940.0,1922.199951171875,1927.699951171875,85.0
1071,2020-08-25,1927.5,1928.5,1911.800048828125,1911.800048828125,176.0
1072,2020-08-26,1909.699951171875,1950.800048828125,1909.699951171875,1940.699951171875,287.0
1073,2020-08-27,1948.9000244140625,1972.5,1921.5999755859373,1921.5999755859373,2303.0
1074,2020-08-28,1927.0999755859373,1971.300048828125,1922.5,1964.5999755859373,778.0
1075,2020-08-31,1970.0,1971.300048828125,1953.300048828125,1967.5999755859373,158.0
1076,2020-09-01,1961.699951171875,1986.300048828125,1961.699951171875,1968.199951171875,186.0
1077,2020-09-02,1967.300048828125,1967.300048828125,1934.4000244140625,1934.4000244140625,71.0
1078,2020-09-03,1937.0999755859373,1938.800048828125,1923.0,1927.5999755859373,179.0
1079,2020-09-04,1927.9000244140625,1939.699951171875,1917.699951171875,1923.9000244140625,607.0
1080,2020-09-08,1930.9000244140625,1937.9000244140625,1903.0999755859373,1933.0,271.0
1081,2020-09-09,1926.9000244140625,1946.199951171875,1924.5999755859373,1944.699951171875,219.0
1082,2020-09-10,1944.0999755859373,1962.699951171875,1944.0999755859373,1954.199951171875,722.0
1083,2020-09-11,1944.0,1949.5,1937.800048828125,1937.800048828125,73.0
1084,2020-09-14,1946.300048828125,1953.0999755859373,1943.0,1953.0999755859373,55.0
1085,2020-09-15,1955.800048828125,1968.5,1955.800048828125,1956.300048828125,74.0
1086,2020-09-16,1961.300048828125,1961.4000244140625,1956.699951171875,1960.199951171875,124.0
1087,2020-09-17,1939.0,1946.0,1933.699951171875,1940.0,67.0
1088,2020-09-18,1950.5,1952.0999755859373,1949.0,1952.0999755859373,38.0
1089,2020-09-21,1946.199951171875,1946.199951171875,1883.4000244140625,1901.199951171875,52.0
1090,2020-09-22,1913.0999755859373,1913.0999755859373,1898.5999755859373,1898.5999755859373,331.0
1091,2020-09-23,1875.5,1875.5,1859.9000244140625,1859.9000244140625,5.0
1092,2020-09-24,1851.5,1868.300048828125,1851.5,1868.300048828125,365.0
1093,2020-09-25,1856.300048828125,1857.699951171875,1856.300048828125,1857.699951171875,4.0
1094,2020-09-28,1872.800048828125,1872.800048828125,1872.800048828125,1872.800048828125,10455.0
1095,2020-09-29,1876.5,1895.4000244140625,1872.4000244140625,1894.300048828125,3283.0
1096,2020-09-30,1893.0,1899.699951171875,1879.800048828125,1887.5,600.0
1097,2020-10-01,1884.0999755859373,1909.5999755859373,1882.5,1908.4000244140625,730.0
1098,2020-10-02,1893.9000244140625,1913.0,1893.9000244140625,1900.199951171875,530.0
1099,2020-10-05,1898.9000244140625,1915.5999755859373,1884.699951171875,1912.5,1360.0
1100,2020-10-06,1906.5999755859373,1918.0,1874.4000244140625,1901.0999755859373,968.0
1101,2020-10-07,1874.0999755859373,1889.800048828125,1873.0999755859373,1883.5999755859373,50.0
1102,2020-10-08,1893.0,1893.0,1882.699951171875,1888.5999755859373,348.0
1103,2020-10-09,1909.300048828125,1929.0999755859373,1905.0999755859373,1919.5,580.0
1104,2020-10-12,1924.0,1926.5,1921.5999755859373,1922.5,96.0
1105,2020-10-13,1921.9000244140625,1922.199951171875,1887.0,1888.5,191.0
1106,2020-10-14,1889.699951171875,1910.800048828125,1882.5,1901.300048828125,33.0
1107,2020-10-15,1897.300048828125,1906.300048828125,1889.5999755859373,1903.199951171875,254.0
1108,2020-10-16,1898.5,1900.800048828125,1898.5,1900.800048828125,53.0
1109,2020-10-19,1907.300048828125,1907.800048828125,1899.5,1906.4000244140625,43.0
1110,2020-10-20,1901.300048828125,1910.4000244140625,1896.0999755859373,1910.4000244140625,329.0
1111,2020-10-21,1913.5999755859373,1927.300048828125,1913.5999755859373,1924.5999755859373,1202.0
1112,2020-10-22,1924.300048828125,1924.300048828125,1898.199951171875,1901.0999755859373,899.0
1113,2020-10-23,1899.9000244140625,1913.300048828125,1896.199951171875,1902.0,287.0
1114,2020-10-26,1895.5,1907.0,1893.5,1902.699951171875,242.0
1115,2020-10-27,1904.5999755859373,1908.800048828125,1904.4000244140625,1908.800048828125,176.0
1116,2020-10-28,1870.9000244140625,1876.199951171875,1870.9000244140625,1876.199951171875,277.0
1117,2020-10-29,1876.0999755859373,1879.800048828125,1858.800048828125,1865.5999755859373,240.0
1118,2020-10-30,1862.800048828125,1886.5999755859373,1862.800048828125,1877.4000244140625,725.0
1119,2020-11-02,1872.9000244140625,1894.699951171875,1872.9000244140625,1890.4000244140625,190.0
1120,2020-11-03,1891.5,1908.5,1891.5,1908.5,712.0
1121,2020-11-04,1893.800048828125,1907.0,1885.300048828125,1894.5999755859373,782.0
1122,2020-11-05,1901.699951171875,1948.0,1901.699951171875,1945.300048828125,135.0
1123,2020-11-06,1940.800048828125,1958.800048828125,1940.800048828125,1950.300048828125,304.0
1124,2020-11-09,1955.5999755859373,1963.199951171875,1847.0999755859373,1853.199951171875,745.0
1125,2020-11-10,1879.300048828125,1885.300048828125,1871.199951171875,1875.4000244140625,276.0
1126,2020-11-11,1878.800048828125,1878.800048828125,1855.5,1860.699951171875,222.0
1127,2020-11-12,1869.0,1878.5,1866.5999755859373,1872.5999755859373,220.0
1128,2020-11-13,1877.0,1890.0999755859373,1876.800048828125,1885.699951171875,240.0
1129,2020-11-16,1874.5999755859373,1887.300048828125,1871.0,1887.300048828125,6.0
1130,2020-11-17,1888.4000244140625,1888.4000244140625,1884.5,1884.5,59.0
1131,2020-11-18,1873.5,1873.5,1873.5,1873.5,152.0
1132,2020-11-19,1865.800048828125,1865.800048828125,1856.0,1861.0999755859373,59.0
1133,2020-11-20,1871.199951171875,1872.5999755859373,1871.199951171875,1872.5999755859373,1900.0
1134,2020-11-23,1834.800048828125,1837.800048828125,1829.199951171875,1837.800048828125,843.0
1135,2020-11-24,1829.300048828125,1829.300048828125,1799.300048828125,1804.800048828125,1041.0
1136,2020-11-25,1801.4000244140625,1805.699951171875,1801.4000244140625,1805.699951171875,205754.0
1137,2020-11-27,1806.0999755859373,1817.0,1770.699951171875,1781.9000244140625,71804.0
1138,2020-11-30,1785.0,1787.199951171875,1762.300048828125,1775.699951171875,3145.0
1139,2020-12-01,1775.0,1815.9000244140625,1774.9000244140625,1814.0999755859373,1859.0
1140,2020-12-02,1811.300048828125,1830.0,1807.800048828125,1825.699951171875,771.0
1141,2020-12-03,1829.199951171875,1842.0,1825.300048828125,1836.800048828125,1765.0
1142,2020-12-04,1840.699951171875,1847.5999755859373,1828.199951171875,1835.9000244140625,1213.0
1143,2020-12-07,1836.5,1866.9000244140625,1820.800048828125,1861.800048828125,1427.0
1144,2020-12-08,1863.0,1875.800048828125,1861.800048828125,1870.800048828125,121.0
1145,2020-12-09,1867.0999755859373,1867.0999755859373,1827.0,1834.5999755859373,215.0
1146,2020-12-10,1833.199951171875,1849.0999755859373,1828.0,1833.5999755859373,177.0
1147,2020-12-11,1838.5,1846.0,1829.0999755859373,1839.800048828125,109.0
1148,2020-12-14,1835.5,1835.699951171875,1822.699951171875,1828.699951171875,258.0
1149,2020-12-15,1833.5,1853.5999755859373,1833.199951171875,1852.300048828125,961.0
1150,2020-12-16,1856.5,1864.699951171875,1850.5,1856.0999755859373,1090.0
1151,2020-12-17,1874.199951171875,1896.199951171875,1874.199951171875,1887.199951171875,414.0
1152,2020-12-18,1882.4000244140625,1889.5,1882.300048828125,1885.699951171875,276.0
1153,2020-12-21,1884.800048828125,1908.0,1869.0999755859373,1879.199951171875,136.0
1154,2020-12-22,1882.199951171875,1882.199951171875,1861.0,1866.5999755859373,233.0
1155,2020-12-23,1867.0,1878.800048828125,1864.5,1874.699951171875,82.0
1156,2020-12-24,1877.300048828125,1879.9000244140625,1875.699951171875,1879.9000244140625,46.0
1157,2020-12-28,1895.5,1895.800048828125,1873.699951171875,1877.199951171875,75.0
1158,2020-12-29,1881.300048828125,1881.300048828125,1879.699951171875,1879.699951171875,343.0
1159,2020-12-30,1879.9000244140625,1895.800048828125,1877.300048828125,1891.0,444.0
1160,2020-12-31,1897.0,1901.300048828125,1892.699951171875,1893.0999755859373,127.0
1161,2021-01-04,1912.199951171875,1945.0999755859373,1912.199951171875,1944.699951171875,154.0
1162,2021-01-05,1941.699951171875,1952.699951171875,1941.300048828125,1952.699951171875,113.0
1163,2021-01-06,1952.0,1959.9000244140625,1901.5,1906.9000244140625,331.0
1164,2021-01-07,1922.5999755859373,1926.699951171875,1912.0,1912.300048828125,122.0
1165,2021-01-08,1908.0,1908.0,1834.0999755859373,1834.0999755859373,60.0
1166,2021-01-11,1826.5,1849.5999755859373,1826.5,1849.5999755859373,20.0
1167,2021-01-12,1849.0,1859.699951171875,1839.4000244140625,1842.9000244140625,176.0
1168,2021-01-13,1858.0,1858.5999755859373,1853.5999755859373,1853.5999755859373,189.0
1169,2021-01-14,1836.699951171875,1850.699951171875,1836.699951171875,1850.300048828125,149.0
1170,2021-01-15,1829.4000244140625,1829.4000244140625,1825.0,1829.300048828125,31.0
1171,2021-01-19,1802.0,1842.9000244140625,1802.0,1839.5,13.0
1172,2021-01-20,1847.800048828125,1866.5999755859373,1844.4000244140625,1865.9000244140625,16.0
1173,2021-01-21,1865.300048828125,1868.0,1865.300048828125,1865.300048828125,6.0
1174,2021-01-22,1854.9000244140625,1855.699951171875,1852.699951171875,1855.699951171875,8.0
1175,2021-01-25,1864.699951171875,1864.699951171875,1851.800048828125,1854.9000244140625,26.0
1176,2021-01-26,1855.800048828125,1855.800048828125,1850.699951171875,1850.699951171875,59.0
1177,2021-01-27,1844.9000244140625,1844.9000244140625,1844.9000244140625,1844.9000244140625,195540.0
1178,2021-01-28,1843.4000244140625,1862.9000244140625,1831.5,1837.9000244140625,27283.0
1179,2021-01-29,1842.0,1876.0,1838.699951171875,1847.300048828125,1634.0
1180,2021-02-01,1866.5999755859373,1871.9000244140625,1850.0,1860.800048828125,1494.0
1181,2021-02-02,1859.5999755859373,1861.300048828125,1827.5999755859373,1830.5,1293.0
1182,2021-02-03,1834.800048828125,1842.4000244140625,1829.800048828125,1832.199951171875,1195.0
1183,2021-02-04,1832.199951171875,1832.199951171875,1782.800048828125,1788.9000244140625,2375.0
1184,2021-02-05,1794.300048828125,1813.5,1790.9000244140625,1810.9000244140625,1278.0
1185,2021-02-08,1816.300048828125,1836.699951171875,1809.0,1831.9000244140625,254.0
1186,2021-02-09,1841.9000244140625,1843.300048828125,1830.699951171875,1835.300048828125,184.0
1187,2021-02-10,1842.5999755859373,1851.0999755859373,1837.0,1840.5999755859373,543.0
1188,2021-02-11,1840.5,1845.0,1820.9000244140625,1824.9000244140625,602.0
1189,2021-02-12,1825.0,1827.5,1809.199951171875,1821.5999755859373,259.0
1190,2021-02-16,1820.9000244140625,1823.4000244140625,1787.300048828125,1797.199951171875,1141.0
1191,2021-02-17,1785.800048828125,1789.699951171875,1768.800048828125,1771.0999755859375,614.0
1192,2021-02-18,1776.0999755859375,1784.5999755859375,1766.0,1773.4000244140625,587.0
1193,2021-02-19,1764.300048828125,1787.5999755859375,1764.300048828125,1775.800048828125,118.0
1194,2021-02-22,1784.0,1807.800048828125,1784.0,1806.699951171875,165.0
1195,2021-02-23,1809.5999755859373,1811.300048828125,1796.4000244140625,1804.4000244140625,569.0
1196,2021-02-24,1805.800048828125,1805.800048828125,1796.4000244140625,1796.4000244140625,1500.0
1197,2021-02-25,1801.5,1802.0,1766.699951171875,1774.4000244140625,1049.0
1198,2021-02-26,1768.0999755859375,1768.199951171875,1718.800048828125,1728.0999755859375,1593.0
1199,2021-03-01,1737.0999755859375,1747.0,1720.300048828125,1722.5,407.0
1200,2021-03-02,1709.4000244140625,1733.0999755859375,1708.699951171875,1733.0999755859375,867.0
1201,2021-03-03,1730.0,1732.4000244140625,1703.5,1715.300048828125,501.0
1202,2021-03-04,1706.5,1717.4000244140625,1700.199951171875,1700.199951171875,521.0
1203,2021-03-05,1690.5999755859375,1701.0,1685.0,1698.0,302.0
1204,2021-03-08,1704.699951171875,1705.4000244140625,1673.699951171875,1677.699951171875,1290.0
1205,2021-03-09,1686.199951171875,1717.5,1685.199951171875,1716.5999755859375,335.0
1206,2021-03-10,1713.5999755859375,1722.9000244140625,1711.0,1721.5,412.0
1207,2021-03-11,1725.5999755859375,1737.5,1720.199951171875,1722.300048828125,18.0
1208,2021-03-12,1715.9000244140625,1722.5,1699.0,1719.5,80.0
1209,2021-03-15,1729.5,1731.9000244140625,1722.800048828125,1728.9000244140625,147.0
1210,2021-03-16,1732.300048828125,1733.9000244140625,1726.0,1730.5999755859375,729.0
1211,2021-03-17,1735.300048828125,1750.0999755859375,1725.5999755859375,1726.800048828125,488.0
1212,2021-03-18,1745.800048828125,1750.300048828125,1721.800048828125,1732.199951171875,138.0
1213,2021-03-19,1742.199951171875,1742.199951171875,1733.5999755859375,1741.4000244140625,13.0
1214,2021-03-22,1737.800048828125,1737.800048828125,1737.800048828125,1737.800048828125,51.0
1215,2021-03-23,1724.699951171875,1724.699951171875,1724.699951171875,1724.699951171875,6.0
1216,2021-03-24,1727.5,1732.9000244140625,1727.5,1732.9000244140625,26.0
1217,2021-03-25,1732.699951171875,1733.199951171875,1724.5,1724.9000244140625,15.0
1218,2021-03-26,1721.300048828125,1732.199951171875,1721.300048828125,1732.199951171875,33.0
1219,2021-03-29,1712.0999755859375,1712.0999755859375,1712.0999755859375,1712.0999755859375,135457.0
1220,2021-03-30,1711.0,1712.5999755859375,1676.5,1683.9000244140625,25316.0
1221,2021-03-31,1683.699951171875,1713.800048828125,1676.5,1713.800048828125,762.0
1222,2021-04-01,1706.800048828125,1728.800048828125,1706.4000244140625,1726.5,720.0
1223,2021-04-05,1727.9000244140625,1729.699951171875,1721.9000244140625,1727.0,275.0
1224,2021-04-06,1726.9000244140625,1744.800048828125,1726.9000244140625,1741.5,890.0
1225,2021-04-07,1742.699951171875,1742.699951171875,1733.699951171875,1740.0999755859375,557.0
1226,2021-04-08,1736.0,1758.0,1734.5999755859375,1756.800048828125,1298.0
1227,2021-04-09,1750.800048828125,1750.800048828125,1733.300048828125,1743.300048828125,484.0
1228,2021-04-12,1740.800048828125,1740.800048828125,1726.699951171875,1731.199951171875,40.0
1229,2021-04-13,1733.800048828125,1746.9000244140625,1722.0999755859375,1746.199951171875,367.0
1230,2021-04-14,1741.300048828125,1745.9000244140625,1732.699951171875,1734.9000244140625,1037.0
1231,2021-04-15,1740.0999755859375,1767.9000244140625,1740.0999755859375,1765.4000244140625,368.0
1232,2021-04-16,1770.4000244140625,1779.5,1770.0999755859375,1779.0,625.0
1233,2021-04-19,1782.0999755859375,1788.5,1769.4000244140625,1769.4000244140625,144.0
1234,2021-04-20,1769.300048828125,1777.300048828125,1765.5,1777.300048828125,1464.0
1235,2021-04-21,1783.0,1794.0999755859375,1777.699951171875,1792.300048828125,250.0
1236,2021-04-22,1794.199951171875,1794.199951171875,1779.5,1781.199951171875,159.0
1237,2021-04-23,1786.0999755859375,1794.5,1772.0,1777.0,332.0
1238,2021-04-26,1778.0,1779.699951171875,1770.800048828125,1779.199951171875,549.0
1239,2021-04-27,1780.0,1782.0,1777.699951171875,1778.0,117.0
1240,2021-04-28,1768.199951171875,1774.0,1764.5999755859375,1773.199951171875,756.0
1241,2021-04-29,1781.0,1789.0,1758.5999755859375,1768.0999755859375,196.0
1242,2021-04-30,1771.800048828125,1771.800048828125,1763.9000244140625,1767.300048828125,18.0
1243,2021-05-03,1788.5,1793.0,1788.5,1791.4000244140625,18.0
1244,2021-05-04,1788.199951171875,1788.5,1774.800048828125,1775.800048828125,182.0
1245,2021-05-05,1781.5,1784.0999755859375,1779.199951171875,1784.0999755859375,57.0
1246,2021-05-06,1788.9000244140625,1815.5,1787.5999755859375,1815.5,13.0
1247,2021-05-07,1842.9000244140625,1842.9000244140625,1831.0999755859373,1831.0999755859373,2.0
1248,2021-05-10,1835.5999755859373,1845.5999755859373,1835.4000244140625,1837.5,13.0
1249,2021-05-11,1837.199951171875,1838.0999755859373,1831.5999755859373,1835.9000244140625,420.0
1250,2021-05-12,1825.199951171875,1825.199951171875,1821.699951171875,1822.5999755859373,3.0
1251,2021-05-13,1814.699951171875,1826.800048828125,1814.0999755859373,1823.800048828125,100.0
1252,2021-05-14,1824.5,1842.9000244140625,1824.5,1837.9000244140625,41.0
1253,2021-05-17,1849.9000244140625,1867.5,1847.199951171875,1867.5,13.0
1254,2021-05-18,1870.5,1870.5,1867.800048828125,1867.800048828125,3.0
1255,2021-05-19,1866.4000244140625,1884.9000244140625,1863.5999755859373,1881.300048828125,348.0
1256,2021-05-20,1865.5,1885.0,1864.800048828125,1881.800048828125,85.0
1257,2021-05-21,1872.0999755859373,1876.699951171875,1872.0999755859373,1876.699951171875,5.0
1258,2021-05-24,1882.0999755859373,1884.5999755859373,1882.0999755859373,1884.5999755859373,39.0
1259,2021-05-25,1882.5,1898.0999755859373,1882.5,1898.0999755859373,56.0
1260,2021-05-26,1901.300048828125,1901.300048828125,1901.300048828125,1901.300048828125,170526.0
1261,2021-05-27,1896.800048828125,1903.9000244140625,1888.199951171875,1895.699951171875,35794.0
1262,2021-05-28,1897.5,1905.4000244140625,1881.9000244140625,1902.5,2415.0
1263,2021-06-01,1905.0999755859373,1916.199951171875,1892.800048828125,1902.9000244140625,640.0
1264,2021-06-02,1899.199951171875,1908.800048828125,1896.0,1907.5,1267.0
1265,2021-06-03,1908.800048828125,1908.800048828125,1865.0,1871.199951171875,1021.0
1266,2021-06-04,1869.300048828125,1895.5,1854.0,1889.800048828125,367.0
1267,2021-06-07,1890.5,1899.699951171875,1883.199951171875,1896.800048828125,87.0
1268,2021-06-08,1896.5,1902.9000244140625,1890.0,1892.199951171875,930.0
1269,2021-06-09,1894.9000244140625,1897.699951171875,1889.199951171875,1893.199951171875,148.0
1270,2021-06-10,1887.699951171875,1899.800048828125,1871.5,1894.199951171875,186.0
1271,2021-06-11,1900.9000244140625,1902.300048828125,1875.199951171875,1877.4000244140625,349.0
1272,2021-06-14,1866.199951171875,1866.5999755859373,1846.5,1864.0,41.0
1273,2021-06-15,1866.4000244140625,1867.199951171875,1854.4000244140625,1854.5,78.0
1274,2021-06-16,1859.4000244140625,1860.0999755859373,1809.199951171875,1859.5,117.0
1275,2021-06-17,1811.800048828125,1823.300048828125,1769.5999755859375,1773.800048828125,1135.0
1276,2021-06-18,1775.699951171875,1792.4000244140625,1767.9000244140625,1767.9000244140625,354.0
1277,2021-06-21,1768.800048828125,1785.199951171875,1766.800048828125,1781.800048828125,38.0
1278,2021-06-22,1783.4000244140625,1786.9000244140625,1775.9000244140625,1776.300048828125,101.0
1279,2021-06-23,1780.699951171875,1793.199951171875,1780.5999755859375,1782.300048828125,136.0
1280,2021-06-24,1778.9000244140625,1786.4000244140625,1775.5999755859375,1775.5999755859375,78.0
1281,2021-06-25,1777.699951171875,1788.0,1775.199951171875,1776.5999755859375,35.0
1282,2021-06-28,1779.5999755859375,1779.5999755859375,1779.5999755859375,1779.5999755859375,888.0
1283,2021-06-29,1776.800048828125,1777.0999755859375,1752.0999755859375,1762.800048828125,419.0
1284,2021-06-30,1761.0999755859375,1770.800048828125,1759.199951171875,1770.800048828125,51.0
1285,2021-07-01,1775.699951171875,1781.199951171875,1768.800048828125,1775.9000244140625,44.0
1286,2021-07-02,1778.699951171875,1787.9000244140625,1778.300048828125,1782.5999755859375,23.0
1287,2021-07-06,1786.699951171875,1809.800048828125,1786.699951171875,1793.5,332.0
1288,2021-07-07,1798.699951171875,1808.4000244140625,1797.199951171875,1801.5,244.0
1289,2021-07-08,1797.0,1818.5,1797.0,1799.5999755859375,148.0
1290,2021-07-09,1803.5999755859373,1810.0999755859373,1798.800048828125,1810.0,218.0
1291,2021-07-12,1802.5999755859373,1805.5,1799.5,1805.5,147.0
1292,2021-07-13,1808.0999755859373,1812.0,1800.5999755859375,1809.4000244140625,78.0
1293,2021-07-14,1813.0999755859373,1829.0,1813.0999755859373,1824.300048828125,707.0
1294,2021-07-15,1831.5999755859373,1833.0,1823.4000244140625,1828.4000244140625,99.0
1295,2021-07-16,1830.0999755859373,1831.4000244140625,1814.5,1814.5,78.0
1296,2021-07-19,1803.300048828125,1813.4000244140625,1803.300048828125,1808.699951171875,33.0
1297,2021-07-20,1812.9000244140625,1824.0,1810.9000244140625,1810.9000244140625,128.0
1298,2021-07-21,1807.0,1807.0,1800.0,1802.9000244140625,135.0
1299,2021-07-22,1793.5999755859375,1805.0,1793.5999755859375,1805.0,2.0
1300,2021-07-23,1800.0,1801.4000244140625,1800.0,1801.4000244140625,1.0
1301,2021-07-26,1802.5,1802.5,1797.199951171875,1798.699951171875,17.0
1302,2021-07-27,1803.699951171875,1803.699951171875,1799.5,1799.5,1.0
1303,2021-07-28,1799.5,1799.5,1799.5,1799.5,209783.0
1304,2021-07-29,1806.5999755859373,1832.5999755859373,1806.0999755859373,1831.199951171875,30496.0
1305,2021-07-30,1828.0,1830.5,1808.9000244140625,1812.5999755859373,3100.0
1306,2021-08-02,1812.4000244140625,1818.699951171875,1804.800048828125,1818.0999755859373,1334.0
1307,2021-08-03,1812.300048828125,1813.5,1806.0,1810.0999755859373,3341.0
1308,2021-08-04,1809.300048828125,1831.300048828125,1806.300048828125,1810.5,2860.0
1309,2021-08-05,1810.800048828125,1813.699951171875,1796.0,1805.0999755859373,588.0
1310,2021-08-06,1799.800048828125,1800.0999755859375,1758.4000244140625,1760.0,859.0
1311,2021-08-09,1753.5,1753.800048828125,1692.5999755859375,1723.4000244140625,1621.0
1312,2021-08-10,1728.5999755859375,1735.199951171875,1720.0999755859375,1728.800048828125,1363.0
1313,2021-08-11,1727.300048828125,1752.199951171875,1727.300048828125,1750.4000244140625,542.0
1314,2021-08-12,1749.699951171875,1752.4000244140625,1745.5,1749.0,739.0
1315,2021-08-13,1758.300048828125,1777.300048828125,1757.4000244140625,1775.199951171875,436.0
1316,2021-08-16,1776.9000244140625,1787.800048828125,1771.9000244140625,1786.9000244140625,219.0
1317,2021-08-17,1787.699951171875,1794.199951171875,1780.0,1785.0,200.0
1318,2021-08-18,1787.800048828125,1791.5,1779.0,1781.5999755859375,263.0
1319,2021-08-19,1780.0,1789.300048828125,1775.5,1780.199951171875,245.0
1320,2021-08-20,1784.0999755859375,1787.5,1778.199951171875,1781.0,235.0
1321,2021-08-23,1776.800048828125,1804.800048828125,1776.800048828125,1803.199951171875,32.0
1322,2021-08-24,1801.0,1805.5999755859373,1801.0,1805.5999755859373,22.0
1323,2021-08-25,1792.0,1792.9000244140625,1784.0,1788.199951171875,812.0
1324,2021-08-26,1787.4000244140625,1792.199951171875,1781.0,1792.199951171875,61.0
1325,2021-08-27,1803.4000244140625,1816.5999755859373,1803.0999755859373,1816.5999755859373,1219.0
1326,2021-08-30,1818.199951171875,1820.300048828125,1807.800048828125,1809.0,684.0
1327,2021-08-31,1815.9000244140625,1815.9000244140625,1801.0999755859375,1815.0,82.0
1328,2021-09-01,1813.5,1815.9000244140625,1809.5,1813.0999755859373,114.0
1329,2021-09-02,1813.199951171875,1813.9000244140625,1806.800048828125,1808.699951171875,26.0
1330,2021-09-03,1820.9000244140625,1833.9000244140625,1818.9000244140625,1830.9000244140625,53.0
1331,2021-09-07,1825.699951171875,1825.699951171875,1792.699951171875,1795.9000244140625,48.0
1332,2021-09-08,1781.699951171875,1790.699951171875,1781.699951171875,1790.699951171875,69.0
1333,2021-09-09,1798.699951171875,1798.699951171875,1787.9000244140625,1797.4000244140625,49.0
1334,2021-09-10,1789.5999755859375,1789.5999755859375,1789.5999755859375,1789.5999755859375,291.0
1335,2021-09-13,1789.800048828125,1796.0,1784.0,1792.0,533.0
1336,2021-09-14,1791.4000244140625,1806.199951171875,1783.0,1804.699951171875,764.0
1337,2021-09-15,1803.699951171875,1803.699951171875,1792.4000244140625,1792.4000244140625,59.0
1338,2021-09-16,1792.9000244140625,1792.9000244140625,1743.9000244140625,1754.5999755859375,1645.0
1339,2021-09-17,1758.800048828125,1763.0,1749.4000244140625,1749.4000244140625,581.0
1340,2021-09-20,1751.800048828125,1761.800048828125,1750.9000244140625,1761.800048828125,185.0
1341,2021-09-21,1762.199951171875,1776.0,1759.0,1776.0,106.0
1342,2021-09-22,1776.699951171875,1784.300048828125,1767.0,1776.699951171875,17.0
1343,2021-09-23,1766.800048828125,1766.800048828125,1738.199951171875,1747.699951171875,31.0
1344,2021-09-24,1749.699951171875,1749.699951171875,1745.0,1749.699951171875,76.0
1345,2021-09-27,1751.699951171875,1754.4000244140625,1747.5,1750.0,808.0
1346,2021-09-28,1739.5999755859375,1741.699951171875,1726.800048828125,1735.800048828125,15748.0
1347,2021-09-29,1732.4000244140625,1744.0999755859375,1721.4000244140625,1721.5,6634.0
1348,2021-09-30,1725.5,1760.300048828125,1724.5,1755.300048828125,997.0
1349,2021-10-01,1754.300048828125,1762.5999755859375,1748.5,1757.0,2220.0
1350,2021-10-04,1764.5,1768.9000244140625,1749.5,1766.199951171875,417.0
1351,2021-10-05,1764.300048828125,1764.300048828125,1749.0,1759.5999755859375,98.0
1352,2021-10-06,1759.300048828125,1762.9000244140625,1744.699951171875,1760.5,56.0
1353,2021-10-07,1762.4000244140625,1762.4000244140625,1752.800048828125,1757.9000244140625,336.0
1354,2021-10-08,1757.0,1780.0,1754.199951171875,1756.300048828125,254.0
1355,2021-10-11,1756.5999755859375,1757.800048828125,1752.199951171875,1754.5999755859375,128.0
1356,2021-10-12,1751.9000244140625,1768.0,1749.800048828125,1758.300048828125,139.0
1357,2021-10-13,1760.800048828125,1794.5,1760.800048828125,1793.699951171875,150.0
1358,2021-10-14,1792.199951171875,1799.9000244140625,1792.0,1796.699951171875,337.0
1359,2021-10-15,1794.5,1795.4000244140625,1766.5999755859375,1767.199951171875,874.0
1360,2021-10-18,1761.5999755859375,1770.0999755859375,1759.5,1764.800048828125,266.0
1361,2021-10-19,1777.5999755859375,1785.0,1767.5,1769.699951171875,51.0
1362,2021-10-20,1774.5999755859375,1785.5999755859375,1774.0,1784.0999755859375,127.0
1363,2021-10-21,1782.0,1785.699951171875,1781.0,1781.199951171875,146.0
1364,2021-10-22,1787.0999755859375,1806.9000244140625,1784.0,1795.5,532.0
1365,2021-10-25,1794.300048828125,1809.0,1794.0,1806.0,140.0
1366,2021-10-26,1808.800048828125,1808.800048828125,1788.5999755859375,1792.699951171875,359.0
1367,2021-10-27,1791.5,1798.0999755859375,1791.5,1797.9000244140625,543.0
1368,2021-10-28,1795.5,1807.300048828125,1795.5,1801.5999755859373,452.0
1369,2021-10-29,1793.0999755859375,1797.0,1774.5999755859375,1783.0,583.0
1370,2021-11-01,1787.5,1795.0999755859375,1786.699951171875,1795.0999755859375,142.0
1371,2021-11-02,1790.5,1795.5,1787.699951171875,1788.699951171875,213.0
1372,2021-11-03,1768.0,1768.0,1761.800048828125,1763.5999755859375,108.0
1373,2021-11-04,1776.5999755859375,1798.199951171875,1776.199951171875,1793.0,103.0
1374,2021-11-05,1794.9000244140625,1817.0999755859373,1794.9000244140625,1816.4000244140625,239.0
1375,2021-11-08,1817.0,1827.4000244140625,1816.9000244140625,1827.4000244140625,261.0
1376,2021-11-09,1826.0999755859373,1832.699951171875,1820.699951171875,1830.199951171875,170.0
1377,2021-11-10,1825.800048828125,1865.0,1824.9000244140625,1847.5999755859373,795.0
1378,2021-11-11,1853.9000244140625,1866.5,1853.9000244140625,1863.199951171875,292.0
1379,2021-11-12,1860.800048828125,1867.9000244140625,1847.5999755859373,1867.9000244140625,210.0
1380,2021-11-15,1864.5,1866.9000244140625,1864.5,1866.0999755859373,87.0
1381,2021-11-16,1853.5999755859373,1853.5999755859373,1853.5999755859373,1853.5999755859373,1.0
1382,2021-11-17,1862.5999755859373,1869.699951171875,1862.5999755859373,1869.699951171875,2.0
1383,2021-11-18,1861.0,1861.0,1861.0,1861.0,9.0
1384,2021-11-19,1851.199951171875,1851.199951171875,1851.199951171875,1851.199951171875,21.0
1385,2021-11-22,1841.5999755859373,1841.5999755859373,1805.699951171875,1806.0,14.0
1386,2021-11-23,1795.5,1795.5,1783.5,1783.5,264.0
1387,2021-11-24,1793.0,1793.0,1781.4000244140625,1784.0999755859375,188.0
1388,2021-11-26,1791.0999755859375,1791.4000244140625,1785.300048828125,1785.300048828125,186800.0
1389,2021-11-29,1791.699951171875,1798.9000244140625,1779.0999755859375,1782.300048828125,26926.0
1390,2021-11-30,1783.9000244140625,1808.0999755859373,1768.699951171875,1773.5999755859375,4903.0
1391,2021-12-01,1774.800048828125,1790.5,1772.300048828125,1781.5999755859375,1128.0
1392,2021-12-02,1780.9000244140625,1780.9000244140625,1760.5999755859375,1760.699951171875,1557.0
1393,2021-12-03,1767.5,1785.0999755859375,1766.5,1782.0,694.0
1394,2021-12-06,1780.199951171875,1783.0,1777.199951171875,1777.5,381.0
1395,2021-12-07,1779.5,1786.0999755859375,1772.300048828125,1782.5999755859375,308.0
1396,2021-12-08,1789.9000244140625,1789.9000244140625,1779.0,1783.4000244140625,1383.0
1397,2021-12-09,1783.5,1783.5,1771.800048828125,1774.5999755859375,455.0
1398,2021-12-10,1773.800048828125,1785.4000244140625,1769.0999755859375,1782.9000244140625,545.0
1399,2021-12-13,1784.4000244140625,1787.0999755859375,1783.800048828125,1786.300048828125,206.0
1400,2021-12-14,1787.0,1787.0,1769.0,1770.4000244140625,322.0
1401,2021-12-15,1767.4000244140625,1778.699951171875,1753.9000244140625,1762.5999755859375,283.0
1402,2021-12-16,1781.0,1798.0999755859375,1781.0,1796.5999755859375,21.0
1403,2021-12-17,1804.0,1812.9000244140625,1803.800048828125,1803.800048828125,654.0
1404,2021-12-20,1796.800048828125,1799.800048828125,1792.0,1793.699951171875,226.0
1405,2021-12-21,1791.4000244140625,1796.5,1787.9000244140625,1787.9000244140625,575.0
1406,2021-12-22,1786.0,1805.199951171875,1785.5,1801.5999755859373,567.0
1407,2021-12-23,1806.0,1811.199951171875,1800.800048828125,1811.199951171875,193.0
1408,2021-12-27,1810.0,1812.0999755859373,1807.0,1808.0999755859373,150.0
1409,2021-12-28,1812.0,1818.0,1805.5,1810.199951171875,146.0
1410,2021-12-29,1803.199951171875,1805.0999755859373,1791.4000244140625,1805.0999755859373,623.0
1411,2021-12-30,1801.699951171875,1816.0,1796.0,1812.699951171875,306.0
1412,2021-12-31,1825.0999755859373,1827.800048828125,1821.4000244140625,1827.5,80.0
1413,2022-01-03,1830.0999755859373,1830.0999755859373,1798.800048828125,1799.4000244140625,116.0
1414,2022-01-04,1800.5,1815.300048828125,1800.0,1814.0,38.0
1415,2022-01-05,1813.0999755859373,1824.5999755859373,1813.0999755859373,1824.5999755859373,8.0
1416,2022-01-06,1787.0999755859375,1791.300048828125,1787.0999755859375,1788.699951171875,30.0
1417,2022-01-07,1791.800048828125,1797.0,1784.4000244140625,1797.0,17.0
1418,2022-01-10,1794.9000244140625,1798.699951171875,1790.4000244140625,1798.4000244140625,534.0
1419,2022-01-11,1803.9000244140625,1822.5,1803.0,1818.5999755859373,743.0
1420,2022-01-12,1819.0,1827.199951171875,1816.9000244140625,1827.199951171875,1547.0
1421,2022-01-13,1819.800048828125,1823.0,1815.4000244140625,1821.199951171875,40.0
1422,2022-01-14,1821.5,1822.0,1816.5,1816.5,816.0
1423,2022-01-18,1816.800048828125,1820.0999755859373,1812.300048828125,1812.300048828125,900.0
1424,2022-01-19,1817.4000244140625,1843.0999755859373,1817.4000244140625,1843.0999755859373,4.0
1425,2022-01-20,1840.5999755859373,1843.0,1838.199951171875,1842.5,20.0
1426,2022-01-21,1838.0,1842.4000244140625,1828.9000244140625,1831.800048828125,19.0
1427,2022-01-24,1837.9000244140625,1842.0999755859373,1837.9000244140625,1841.699951171875,8.0
1428,2022-01-25,1843.0,1852.699951171875,1842.0,1852.699951171875,11.0
1429,2022-01-26,1829.9000244140625,1829.9000244140625,1829.9000244140625,1829.9000244140625,55.0
1430,2022-01-27,1793.300048828125,1793.300048828125,1793.300048828125,1793.300048828125,196036.0
1431,2022-01-28,1797.5,1798.4000244140625,1778.800048828125,1784.9000244140625,28521.0
1432,2022-01-31,1788.5,1798.5,1785.0999755859375,1795.0,1735.0
1433,2022-02-01,1797.199951171875,1806.0999755859373,1797.0999755859375,1800.300048828125,223.0
1434,2022-02-02,1797.800048828125,1810.0999755859373,1795.0999755859375,1809.199951171875,1690.0
1435,2022-02-03,1805.800048828125,1808.0999755859373,1787.9000244140625,1803.0,466.0
1436,2022-02-04,1806.0,1813.699951171875,1792.5,1806.5999755859373,571.0
1437,2022-02-07,1812.199951171875,1821.300048828125,1809.0999755859373,1820.5999755859373,601.0
1438,2022-02-08,1818.9000244140625,1827.5999755859373,1815.0,1826.5999755859373,108.0
1439,2022-02-09,1825.4000244140625,1835.199951171875,1825.300048828125,1835.199951171875,683.0
1440,2022-02-10,1833.300048828125,1842.0999755859373,1820.800048828125,1836.199951171875,365.0
1441,2022-02-11,1822.0,1864.800048828125,1822.0,1840.800048828125,181.0
1442,2022-02-14,1861.800048828125,1870.5999755859373,1854.5999755859373,1868.0,79.0
1443,2022-02-15,1872.5999755859373,1879.699951171875,1847.4000244140625,1854.800048828125,86.0
1444,2022-02-16,1858.699951171875,1870.199951171875,1856.300048828125,1870.199951171875,34.0
1445,2022-02-17,1876.300048828125,1900.699951171875,1876.199951171875,1900.699951171875,393.0
1446,2022-02-18,1899.4000244140625,1899.4000244140625,1890.699951171875,1898.5999755859373,51.0
1447,2022-02-22,1908.0999755859373,1912.0,1890.800048828125,1906.0999755859373,173.0
1448,2022-02-23,1896.5999755859373,1910.5999755859373,1895.699951171875,1909.199951171875,73.0
1449,2022-02-24,1911.9000244140625,1972.5,1911.699951171875,1925.0999755859373,2706.0
1450,2022-02-25,1906.9000244140625,1920.0,1883.5999755859373,1886.5,586.0
1451,2022-02-28,1928.300048828125,1928.4000244140625,1894.199951171875,1899.4000244140625,390.0
1452,2022-03-01,1908.300048828125,1942.4000244140625,1903.800048828125,1942.4000244140625,547.0
1453,2022-03-02,1945.5999755859373,1948.199951171875,1919.800048828125,1920.9000244140625,109.0
1454,2022-03-03,1930.5,1940.300048828125,1924.800048828125,1934.4000244140625,122.0
1455,2022-03-04,1937.0,1970.9000244140625,1935.5999755859373,1965.0999755859373,47.0
1456,2022-03-07,1989.0,2001.0999755859373,1963.0,1993.9000244140625,2516.0
1457,2022-03-08,1999.4000244140625,2072.0,1998.0,2040.0999755859373,1813.0
1458,2022-03-09,2053.60009765625,2063.0,1980.800048828125,1985.9000244140625,1022.0
1459,2022-03-10,1978.0999755859373,2010.5,1978.0999755859373,1998.0999755859373,670.0
1460,2022-03-11,1985.0,1996.0,1959.9000244140625,1982.699951171875,865.0
1461,2022-03-14,1976.5,1977.699951171875,1959.5999755859373,1959.5999755859373,145.0
1462,2022-03-15,1939.800048828125,1939.9000244140625,1910.699951171875,1928.5,71.0
1463,2022-03-16,1922.4000244140625,1922.4000244140625,1907.199951171875,1908.0,104.0
1464,2022-03-17,1933.9000244140625,1947.199951171875,1933.9000244140625,1942.0999755859373,39.0
1465,2022-03-18,1934.5,1939.300048828125,1928.199951171875,1928.199951171875,28.0
1466,2022-03-21,1925.4000244140625,1928.5999755859373,1925.0,1928.5999755859373,5.0
1467,2022-03-22,1920.699951171875,1920.699951171875,1920.699951171875,1920.699951171875,26.0
1468,2022-03-23,1936.5999755859373,1936.5999755859373,1936.5999755859373,1936.5999755859373,204.0
1469,2022-03-24,1963.5999755859373,1964.0,1961.5999755859373,1961.5999755859373,8.0
1470,2022-03-25,1953.800048828125,1953.800048828125,1953.800048828125,1953.800048828125,83.0
1471,2022-03-28,1932.5999755859373,1939.5999755859373,1932.5999755859373,1939.5999755859373,7.0
1472,2022-03-29,1893.5,1912.0,1893.5,1912.0,128051.0
1473,2022-03-30,1918.4000244140625,1937.0,1914.5,1933.5,17765.0
1474,2022-03-31,1933.5,1949.9000244140625,1919.0999755859373,1949.199951171875,3617.0
1475,2022-04-01,1935.0,1938.0,1917.0,1919.0999755859373,1016.0
1476,2022-04-04,1921.199951171875,1936.0999755859373,1915.5999755859373,1929.199951171875,371.0
1477,2022-04-05,1927.0999755859373,1943.5,1918.4000244140625,1922.9000244140625,412.0
1478,2022-04-06,1916.699951171875,1931.800048828125,1916.699951171875,1918.4000244140625,138.0
1479,2022-04-07,1919.5,1934.800048828125,1919.5,1933.800048828125,311.0
1480,2022-04-08,1928.800048828125,1947.699951171875,1928.800048828125,1941.5999755859373,153.0
1481,2022-04-11,1946.5999755859373,1968.4000244140625,1941.800048828125,1944.300048828125,163.0
1482,2022-04-12,1952.5,1977.0999755859373,1950.5999755859373,1972.0999755859373,246.0
1483,2022-04-13,1969.5,1981.0,1969.5,1981.0,204.0
1484,2022-04-14,1977.199951171875,1978.699951171875,1963.0,1970.9000244140625,101.0
1485,2022-04-18,1973.4000244140625,1997.0999755859373,1972.800048828125,1982.9000244140625,196.0
1486,2022-04-19,1973.800048828125,1978.300048828125,1945.699951171875,1955.699951171875,130.0
1487,2022-04-20,1945.5,1953.5999755859373,1945.5,1952.300048828125,621.0
1488,2022-04-21,1942.5,1944.9000244140625,1942.5,1944.9000244140625,4.0
1489,2022-04-22,1949.5999755859373,1950.4000244140625,1930.199951171875,1931.0,178.0
1490,2022-04-25,1925.0,1925.0,1889.300048828125,1893.199951171875,748.0
1491,2022-04-26,1900.5,1909.0999755859373,1894.0,1901.4000244140625,302.0
1492,2022-04-27,1897.800048828125,1900.5999755859373,1882.199951171875,1885.9000244140625,1786.0
1493,2022-04-28,1883.800048828125,1893.0,1872.9000244140625,1888.699951171875,513.0
1494,2022-04-29,1902.699951171875,1918.199951171875,1902.4000244140625,1909.300048828125,132.0
1495,2022-05-02,1896.699951171875,1896.800048828125,1853.0,1861.800048828125,385.0
1496,2022-05-03,1868.800048828125,1868.800048828125,1868.800048828125,1868.800048828125,466.0
1497,2022-05-04,1867.0,1867.0,1867.0,1867.0,1.0
1498,2022-05-05,1897.0,1904.300048828125,1874.0,1874.0,80.0
1499,2022-05-06,1874.699951171875,1890.300048828125,1871.5,1881.199951171875,214.0
1500,2022-05-09,1866.5999755859373,1867.5,1854.0,1857.0999755859373,304.0
1501,2022-05-10,1839.9000244140625,1839.9000244140625,1839.9000244140625,1839.9000244140625,1540.0
1502,2022-05-11,1841.5,1852.5999755859373,1841.0,1852.5999755859373,892.0
1503,2022-05-12,1849.800048828125,1851.9000244140625,1822.199951171875,1823.800048828125,153.0
1504,2022-05-13,1825.0,1825.0,1807.4000244140625,1807.4000244140625,335.0
1505,2022-05-16,1790.5,1813.5,1787.0,1813.5,34.0
1506,2022-05-17,1824.9000244140625,1828.5999755859373,1816.699951171875,1818.199951171875,121.0
1507,2022-05-18,1815.0,1819.699951171875,1805.0,1815.9000244140625,311.0
1508,2022-05-19,1810.9000244140625,1841.199951171875,1810.699951171875,1841.199951171875,138.0
1509,2022-05-20,1839.0999755859373,1841.800048828125,1836.300048828125,1841.800048828125,110.0
1510,2022-05-23,1846.300048828125,1863.0,1845.800048828125,1847.800048828125,216.0
1511,2022-05-24,1852.5,1867.0,1852.5,1865.0999755859373,33.0
1512,2022-05-25,1846.199951171875,1846.199951171875,1846.199951171875,1846.199951171875,61694.0
1513,2022-05-26,1840.4000244140625,1847.4000244140625,1840.4000244140625,1847.4000244140625,123355.0
1514,2022-05-27,1848.300048828125,1860.699951171875,1845.9000244140625,1851.300048828125,30091.0
1515,2022-05-31,1850.300048828125,1862.0999755859373,1832.800048828125,1842.699951171875,4073.0
1516,2022-06-01,1831.0,1847.9000244140625,1825.300048828125,1843.300048828125,1623.0
1517,2022-06-02,1845.4000244140625,1868.699951171875,1842.0999755859373,1866.5,551.0
1518,2022-06-03,1867.5999755859373,1871.800048828125,1845.4000244140625,1845.4000244140625,53.0
1519,2022-06-06,1849.0,1854.0999755859373,1839.199951171875,1839.199951171875,142.0
1520,2022-06-07,1836.9000244140625,1851.5999755859373,1835.0,1847.5,1168.0
1521,2022-06-08,1844.800048828125,1855.0,1844.4000244140625,1851.9000244140625,218.0
1522,2022-06-09,1846.0999755859373,1850.0999755859373,1837.9000244140625,1848.800048828125,159.0
1523,2022-06-10,1842.699951171875,1875.5999755859373,1823.9000244140625,1871.5,1490.0
1524,2022-06-13,1873.800048828125,1873.800048828125,1818.699951171875,1828.0,127.0
1525,2022-06-14,1825.0,1825.5,1805.300048828125,1809.5,536.0
1526,2022-06-15,1814.0999755859373,1839.0,1810.800048828125,1815.300048828125,108.0
1527,2022-06-16,1819.199951171875,1850.5999755859373,1814.9000244140625,1845.699951171875,136.0
1528,2022-06-17,1853.699951171875,1853.699951171875,1833.5999755859373,1835.5999755859373,170.0
1529,2022-06-21,1835.300048828125,1838.5999755859373,1830.0999755859373,1834.5999755859373,216.0
1530,2022-06-22,1829.5,1842.699951171875,1821.5999755859373,1834.300048828125,115.0
1531,2022-06-23,1835.5,1841.199951171875,1825.699951171875,1825.699951171875,9.0
1532,2022-06-24,1820.5,1826.5,1815.800048828125,1826.5,61.0
1533,2022-06-27,1830.5,1830.699951171875,1819.9000244140625,1820.9000244140625,77.0
1534,2022-06-28,1824.199951171875,1826.0,1817.5,1817.5,391.0
1535,2022-06-29,1818.300048828125,1830.300048828125,1812.800048828125,1813.699951171875,173.0
1536,2022-06-30,1809.5999755859373,1817.300048828125,1801.0,1804.0999755859373,328.0
1537,2022-07-01,1795.5,1806.0999755859373,1791.5999755859375,1798.9000244140625,77.0
1538,2022-07-05,1805.4000244140625,1805.4000244140625,1761.800048828125,1761.800048828125,64.0
1539,2022-07-06,1762.5,1768.0,1734.0,1734.9000244140625,1729.0
1540,2022-07-07,1745.199951171875,1745.199951171875,1737.0,1737.9000244140625,1869.0
1541,2022-07-08,1738.0999755859375,1749.300048828125,1732.0999755859375,1740.5999755859375,370.0
1542,2022-07-11,1732.5,1736.699951171875,1730.0,1730.0,75.0
1543,2022-07-12,1734.199951171875,1735.5,1723.300048828125,1723.300048828125,451.0
1544,2022-07-13,1710.0,1734.199951171875,1710.0,1734.199951171875,368.0
1545,2022-07-14,1710.300048828125,1710.5,1704.5,1704.5,1289.0
1546,2022-07-15,1705.4000244140625,1709.699951171875,1701.0999755859375,1702.4000244140625,721.0
1547,2022-07-18,1712.199951171875,1712.4000244140625,1709.199951171875,1709.199951171875,264.0
1548,2022-07-19,1712.300048828125,1714.4000244140625,1706.0999755859375,1710.0,1684.0
1549,2022-07-20,1707.0999755859375,1708.5,1699.5,1699.5,130.0
1550,2022-07-21,1687.0,1715.5,1679.800048828125,1712.699951171875,183.0
1551,2022-07-22,1713.300048828125,1735.0,1713.0,1727.0999755859375,61.0
1552,2022-07-25,1727.0,1732.0,1719.0,1719.0,67.0
1553,2022-07-26,1718.0,1718.0,1717.699951171875,1717.699951171875,1.0
1554,2022-07-27,1719.0999755859375,1719.0999755859375,1719.0999755859375,1719.0999755859375,144865.0
1555,2022-07-28,1732.300048828125,1755.0,1732.0,1750.300048828125,37236.0
1556,2022-07-29,1754.0,1765.699951171875,1750.0,1762.9000244140625,3485.0
1557,2022-08-01,1763.9000244140625,1772.5,1756.0999755859375,1769.0,705.0
1558,2022-08-02,1772.0999755859375,1786.5999755859375,1759.4000244140625,1771.0999755859375,1078.0
1559,2022-08-03,1756.699951171875,1770.5,1753.0,1758.0,399.0
1560,2022-08-04,1769.4000244140625,1792.0999755859375,1767.699951171875,1788.5,285.0
1561,2022-08-05,1791.199951171875,1791.4000244140625,1764.199951171875,1772.9000244140625,645.0
1562,2022-08-08,1771.800048828125,1786.800048828125,1771.800048828125,1786.800048828125,127.0
1563,2022-08-09,1790.0,1796.0999755859375,1789.0,1794.0,249.0
1564,2022-08-10,1804.4000244140625,1804.9000244140625,1787.800048828125,1795.5999755859375,601.0
1565,2022-08-11,1794.300048828125,1794.300048828125,1785.699951171875,1789.699951171875,1235.0
1566,2022-08-12,1786.300048828125,1800.4000244140625,1784.300048828125,1798.5999755859375,187.0
1567,2022-08-15,1799.0,1799.0,1774.699951171875,1781.4000244140625,64.0
1568,2022-08-16,1777.4000244140625,1777.4000244140625,1771.4000244140625,1773.199951171875,308.0
1569,2022-08-17,1769.699951171875,1769.699951171875,1760.0,1760.300048828125,23.0
1570,2022-08-18,1762.9000244140625,1762.9000244140625,1753.4000244140625,1755.300048828125,321.0
1571,2022-08-19,1753.699951171875,1754.300048828125,1747.5,1747.5999755859375,49.0
1572,2022-08-22,1740.5,1740.5,1726.5,1734.0,347.0
1573,2022-08-23,1738.0,1748.9000244140625,1731.9000244140625,1746.800048828125,509.0
1574,2022-08-24,1745.0,1751.800048828125,1743.5999755859375,1747.800048828125,187.0
1575,2022-08-25,1761.5999755859375,1761.800048828125,1755.0,1757.699951171875,172.0
1576,2022-08-26,1754.0,1755.0,1736.0999755859375,1736.0999755859375,202.0
1577,2022-08-29,1732.4000244140625,1741.199951171875,1732.0999755859375,1736.5999755859375,950.0
1578,2022-08-30,1736.4000244140625,1739.0,1720.699951171875,1723.199951171875,385.0
1579,2022-08-31,1718.300048828125,1720.9000244140625,1708.5,1712.800048828125,2133.0
1580,2022-09-01,1707.9000244140625,1707.9000244140625,1693.9000244140625,1696.5999755859375,683.0
1581,2022-09-02,1703.4000244140625,1715.699951171875,1703.0999755859375,1709.800048828125,182.0
1582,2022-09-06,1709.699951171875,1717.4000244140625,1699.699951171875,1700.4000244140625,697.0
1583,2022-09-07,1694.800048828125,1715.300048828125,1694.699951171875,1715.300048828125,651.0
1584,2022-09-08,1718.199951171875,1718.199951171875,1705.300048828125,1708.0,1193.0
1585,2022-09-09,1719.199951171875,1720.0,1712.800048828125,1716.199951171875,635.0
1586,2022-09-12,1727.4000244140625,1728.0999755859375,1727.4000244140625,1728.0999755859375,68.0
1587,2022-09-13,1720.5,1720.5,1697.300048828125,1705.0,432.0
1588,2022-09-14,1698.699951171875,1701.800048828125,1696.5,1696.5,532.0
1589,2022-09-15,1685.5,1686.0,1662.300048828125,1665.4000244140625,1125.0
1590,2022-09-16,1660.4000244140625,1674.9000244140625,1651.699951171875,1671.699951171875,464.0
1591,2022-09-19,1661.800048828125,1669.4000244140625,1658.5,1666.199951171875,580.0
1592,2022-09-20,1659.699951171875,1659.699951171875,1659.699951171875,1659.699951171875,2830.0
1593,2022-09-21,1665.5,1680.0999755859375,1664.5999755859375,1664.5999755859375,2337.0
1594,2022-09-22,1668.300048828125,1670.800048828125,1668.300048828125,1670.800048828125,973.0
1595,2022-09-23,1667.0,1667.0,1645.300048828125,1645.300048828125,1224.0
1596,2022-09-26,1623.300048828125,1623.300048828125,1623.300048828125,1623.300048828125,1205.0
1597,2022-09-27,1632.199951171875,1636.5999755859375,1626.699951171875,1626.699951171875,888.0
1598,2022-09-28,1620.4000244140625,1660.4000244140625,1620.4000244140625,1660.4000244140625,18311.0
1599,2022-09-29,1657.0,1662.5999755859375,1640.0,1658.5,6028.0
1600,2022-09-30,1661.699951171875,1672.699951171875,1658.0,1662.4000244140625,548.0
1601,2022-10-03,1667.199951171875,1700.0,1661.9000244140625,1692.9000244140625,410.0
1602,2022-10-04,1701.199951171875,1728.0,1696.0,1721.0999755859375,291.0
1603,2022-10-05,1724.0999755859375,1726.5999755859375,1703.0,1711.4000244140625,418.0
1604,2022-10-06,1721.0,1723.300048828125,1709.0999755859375,1711.699951171875,133.0
1605,2022-10-07,1710.0999755859375,1710.0999755859375,1693.699951171875,1700.5,179.0
1606,2022-10-10,1693.4000244140625,1693.4000244140625,1667.0,1667.300048828125,195.0
1607,2022-10-11,1661.800048828125,1678.699951171875,1661.0,1678.699951171875,167.0
1608,2022-10-12,1668.0,1672.699951171875,1668.0,1670.300048828125,149.0
1609,2022-10-13,1675.199951171875,1675.300048828125,1641.5,1670.0,729.0
1610,2022-10-14,1665.300048828125,1667.0,1640.0,1641.699951171875,82.0
1611,2022-10-17,1650.199951171875,1657.0,1646.800048828125,1657.0,238.0
1612,2022-10-18,1651.4000244140625,1655.199951171875,1649.0,1649.0,597.0
1613,2022-10-19,1637.5,1637.5,1627.5,1627.5,84.0
1614,2022-10-20,1622.800048828125,1641.4000244140625,1622.800048828125,1630.800048828125,477.0
1615,2022-10-21,1634.0999755859375,1653.9000244140625,1634.0999755859375,1651.0,224.0
1616,2022-10-24,1662.699951171875,1662.699951171875,1648.699951171875,1648.699951171875,29.0
1617,2022-10-25,1648.199951171875,1652.800048828125,1637.300048828125,1652.800048828125,880.0
1618,2022-10-26,1649.800048828125,1667.0,1649.800048828125,1664.0,89.0
1619,2022-10-27,1660.699951171875,1660.699951171875,1660.699951171875,1660.699951171875,2298.0
1620,2022-10-28,1661.0,1661.0,1638.699951171875,1639.5999755859375,626.0
1621,2022-10-31,1641.800048828125,1641.800048828125,1633.4000244140625,1635.9000244140625,522.0
1622,2022-11-01,1630.800048828125,1653.699951171875,1630.800048828125,1645.0,985.0
1623,2022-11-02,1650.800048828125,1664.699951171875,1634.0,1645.699951171875,612.0
1624,2022-11-03,1629.199951171875,1629.199951171875,1615.0999755859375,1627.300048828125,1427.0
1625,2022-11-04,1630.199951171875,1674.5,1629.0,1672.5,159.0
1626,2022-11-07,1676.9000244140625,1677.9000244140625,1672.9000244140625,1676.5,42.0
1627,2022-11-08,1703.199951171875,1712.0999755859375,1703.199951171875,1712.0999755859375,23.0
1628,2022-11-09,1707.4000244140625,1720.199951171875,1706.0,1710.0999755859375,497.0
1629,2022-11-10,1708.199951171875,1750.300048828125,1708.199951171875,1750.300048828125,325.0
1630,2022-11-11,1763.800048828125,1766.0,1757.5999755859375,1766.0,257.0
1631,2022-11-14,1762.0,1773.5999755859375,1761.5999755859375,1773.5999755859375,358.0
1632,2022-11-15,1770.800048828125,1773.800048828125,1769.9000244140625,1773.800048828125,57.0
1633,2022-11-16,1776.5999755859375,1778.9000244140625,1773.0,1773.0,303.0
1634,2022-11-17,1763.0,1763.0,1756.0,1760.800048828125,18.0
1635,2022-11-18,1763.300048828125,1763.300048828125,1747.5999755859375,1751.9000244140625,414.0
1636,2022-11-21,1739.0,1744.9000244140625,1736.0999755859375,1737.4000244140625,544.0
1637,2022-11-22,1741.699951171875,1741.699951171875,1738.300048828125,1738.300048828125,15.0
1638,2022-11-23,1736.5,1750.9000244140625,1736.5,1744.9000244140625,39.0
1639,2022-11-25,1753.0,1757.9000244140625,1749.199951171875,1753.300048828125,216.0
1640,2022-11-28,1741.300048828125,1741.300048828125,1740.0999755859375,1740.0999755859375,132767.0
1641,2022-11-29,1739.5,1758.199951171875,1737.9000244140625,1748.4000244140625,19416.0
1642,2022-11-30,1748.0999755859375,1769.4000244140625,1745.0999755859375,1746.0,3339.0
1643,2022-12-01,1768.699951171875,1803.699951171875,1768.699951171875,1801.0999755859375,1053.0
1644,2022-12-02,1802.0,1802.300048828125,1779.4000244140625,1795.9000244140625,1725.0
1645,2022-12-05,1795.699951171875,1808.0,1764.300048828125,1767.4000244140625,1713.0
1646,2022-12-06,1768.5999755859375,1779.4000244140625,1767.9000244140625,1769.300048828125,105.0
1647,2022-12-07,1769.300048828125,1790.300048828125,1769.300048828125,1785.5,422.0
1648,2022-12-08,1782.0,1790.9000244140625,1782.0,1788.699951171875,713.0
1649,2022-12-09,1794.9000244140625,1804.300048828125,1791.0999755859375,1798.0999755859375,125.0
1650,2022-12-12,1787.300048828125,1793.9000244140625,1777.699951171875,1780.5,85.0
1651,2022-12-13,1780.699951171875,1819.800048828125,1780.5,1813.9000244140625,205.0
1652,2022-12-14,1810.800048828125,1812.800048828125,1797.9000244140625,1807.5,1074.0
1653,2022-12-15,1801.0,1801.0,1774.800048828125,1777.199951171875,421.0
1654,2022-12-16,1777.9000244140625,1791.4000244140625,1777.9000244140625,1790.0,206.0
1655,2022-12-19,1791.5999755859375,1796.300048828125,1785.5999755859375,1787.699951171875,79.0
1656,2022-12-20,1786.5,1821.4000244140625,1786.5,1815.9000244140625,51.0
1657,2022-12-21,1817.4000244140625,1821.4000244140625,1814.4000244140625,1815.9000244140625,35.0
1658,2022-12-22,1818.0999755859373,1818.0999755859373,1785.0,1787.0,411.0
1659,2022-12-23,1794.300048828125,1802.800048828125,1794.0999755859375,1795.9000244140625,49.0
1660,2022-12-27,1803.4000244140625,1826.300048828125,1803.4000244140625,1814.800048828125,69.0
1661,2022-12-28,1803.199951171875,1807.9000244140625,1803.0999755859373,1807.9000244140625,434.0
1662,2022-12-29,1805.800048828125,1819.5,1805.800048828125,1819.5,277.0
1663,2022-12-30,1817.0,1822.300048828125,1816.800048828125,1819.699951171875,95.0
1664,2023-01-03,1836.199951171875,1839.699951171875,1836.199951171875,1839.699951171875,29.0
1665,2023-01-04,1845.5999755859373,1859.0999755859373,1845.5999755859373,1852.800048828125,25.0
1666,2023-01-05,1855.199951171875,1855.199951171875,1834.800048828125,1834.800048828125,24.0
1667,2023-01-06,1838.4000244140625,1868.199951171875,1835.300048828125,1864.199951171875,26.0
1668,2023-01-09,1867.0,1880.0,1867.0,1872.699951171875,62.0
1669,2023-01-10,1877.800048828125,1878.0999755859373,1871.5999755859373,1871.5999755859373,101.0
1670,2023-01-11,1873.0999755859373,1877.800048828125,1873.0999755859373,1874.5999755859373,1236.0
1671,2023-01-12,1877.199951171875,1897.4000244140625,1877.199951171875,1895.5,59.0
1672,2023-01-13,1899.0,1920.9000244140625,1898.300048828125,1918.4000244140625,512.0
1673,2023-01-17,1920.0999755859373,1920.0999755859373,1905.199951171875,1907.199951171875,706.0
1674,2023-01-18,1911.0999755859373,1911.0999755859373,1903.0999755859373,1904.4000244140625,1027.0
1675,2023-01-19,1922.0999755859373,1931.800048828125,1922.0999755859373,1922.0999755859373,371.0
1676,2023-01-20,1922.0999755859373,1928.5,1921.4000244140625,1926.4000244140625,1346.0
1677,2023-01-23,1926.5,1927.0999755859373,1915.0,1927.0999755859373,218.0
1678,2023-01-24,1931.800048828125,1936.800048828125,1931.800048828125,1933.9000244140625,201.0
1679,2023-01-25,1941.199951171875,1941.199951171875,1939.800048828125,1941.199951171875,7.0
1680,2023-01-26,1936.5999755859373,1937.0999755859373,1927.0999755859373,1929.0999755859373,131.0
1681,2023-01-27,1928.5999755859373,1928.5999755859373,1928.5999755859373,1928.5999755859373,150902.0
1682,2023-01-30,1928.300048828125,1933.5999755859373,1920.300048828125,1922.9000244140625,27220.0
1683,2023-01-31,1923.0,1930.4000244140625,1900.5999755859373,1929.5,1910.0
1684,2023-02-01,1927.199951171875,1955.0,1922.0,1927.800048828125,2290.0
1685,2023-02-02,1952.300048828125,1959.0999755859373,1911.300048828125,1916.300048828125,748.0
1686,2023-02-03,1912.4000244140625,1917.0,1861.5,1862.9000244140625,992.0
1687,2023-02-06,1865.5999755859373,1880.0,1863.4000244140625,1866.199951171875,424.0
1688,2023-02-07,1870.0,1875.699951171875,1868.0,1871.699951171875,297.0
1689,2023-02-08,1872.0999755859373,1880.4000244140625,1872.0999755859373,1877.4000244140625,230.0
1690,2023-02-09,1875.300048828125,1884.5999755859373,1859.800048828125,1866.199951171875,223.0
1691,2023-02-10,1861.5999755859373,1863.5,1852.4000244140625,1862.800048828125,27.0
1692,2023-02-13,1859.0,1861.0,1850.0,1851.9000244140625,569.0
1693,2023-02-14,1854.0999755859373,1862.0,1846.199951171875,1854.0,656.0
1694,2023-02-15,1842.0,1842.0,1828.199951171875,1834.199951171875,368.0
1695,2023-02-16,1838.5999755859373,1843.699951171875,1827.199951171875,1842.0,222.0
1696,2023-02-17,1827.4000244140625,1842.199951171875,1818.4000244140625,1840.4000244140625,35.0
1697,2023-02-21,1842.5999755859373,1843.0,1833.0,1833.0,862.0
1698,2023-02-22,1835.699951171875,1836.199951171875,1825.0999755859373,1832.0,278.0
1699,2023-02-23,1826.4000244140625,1827.5,1818.0,1818.0,291.0
1700,2023-02-24,1808.800048828125,1808.800048828125,1808.800048828125,1808.800048828125,404.0
1701,2023-02-27,1811.5999755859373,1817.5,1808.9000244140625,1817.0,829.0
1702,2023-02-28,1808.0999755859373,1830.0,1808.0999755859373,1828.9000244140625,618.0
1703,2023-03-01,1827.0999755859373,1841.699951171875,1827.0999755859373,1837.699951171875,211.0
1704,2023-03-02,1830.0,1836.300048828125,1830.0,1833.5,154.0
1705,2023-03-03,1837.300048828125,1855.4000244140625,1837.300048828125,1847.699951171875,61.0
1706,2023-03-06,1853.300048828125,1853.800048828125,1844.199951171875,1847.9000244140625,5.0
1707,2023-03-07,1840.9000244140625,1840.9000244140625,1813.9000244140625,1813.9000244140625,450.0
1708,2023-03-08,1811.5999755859373,1812.9000244140625,1811.5,1812.699951171875,75.0
1709,2023-03-09,1816.4000244140625,1829.300048828125,1815.5999755859373,1829.300048828125,332.0
1710,2023-03-10,1852.300048828125,1868.5,1852.0,1862.0,248.0
1711,2023-03-13,1890.800048828125,1913.0999755859373,1875.0999755859373,1911.699951171875,503.0
1712,2023-03-14,1912.199951171875,1912.199951171875,1901.0999755859373,1906.199951171875,107.0
1713,2023-03-15,1903.9000244140625,1926.5999755859373,1898.5,1926.5999755859373,564.0
1714,2023-03-16,1909.9000244140625,1931.699951171875,1909.9000244140625,1919.0,394.0
1715,2023-03-17,1946.0,1985.0999755859373,1946.0,1969.800048828125,82.0
1716,2023-03-20,1988.300048828125,2003.9000244140625,1968.9000244140625,1979.199951171875,389.0
1717,2023-03-21,1973.800048828125,1973.800048828125,1938.0,1938.0,47.0
1718,2023-03-22,1946.800048828125,1974.0,1946.800048828125,1946.800048828125,50.0
1719,2023-03-23,1990.5,1994.5999755859373,1990.5,1993.800048828125,33.0
1720,2023-03-24,1991.699951171875,1995.4000244140625,1982.0999755859373,1982.0999755859373,19.0
1721,2023-03-27,1957.199951171875,1957.199951171875,1952.4000244140625,1952.4000244140625,877.0
1722,2023-03-28,1972.4000244140625,1972.4000244140625,1972.4000244140625,1972.4000244140625,21.0
1723,2023-03-29,1966.0999755859373,1966.0999755859373,1966.0999755859373,1966.0999755859373,88563.0
1724,2023-03-30,1965.9000244140625,1984.4000244140625,1954.9000244140625,1980.300048828125,10119.0
1725,2023-03-31,1981.300048828125,1986.800048828125,1968.0,1969.0,957.0
1726,2023-04-03,1968.0999755859373,1991.699951171875,1950.0,1983.9000244140625,737.0
1727,2023-04-04,1984.5999755859373,2027.0999755859373,1979.0,2022.199951171875,811.0
1728,2023-04-05,2022.0999755859373,2033.800048828125,2013.5999755859373,2020.9000244140625,525.0
1729,2023-04-06,2022.199951171875,2023.300048828125,2005.0,2011.9000244140625,588.5
1730,2023-04-10,2000.0,2006.5999755859373,1984.0,1989.0999755859373,652.0
1731,2023-04-11,1991.4000244140625,2006.5,1991.4000244140625,2004.800048828125,68.0
1732,2023-04-12,2005.199951171875,2025.699951171875,2005.199951171875,2010.9000244140625,172.0
1733,2023-04-13,2015.5999755859373,2048.60009765625,2015.5999755859373,2041.300048828125,1043.0
1734,2023-04-14,2041.0,2047.800048828125,1995.0,2002.199951171875,718.0
1735,2023-04-17,2002.699951171875,2007.5999755859373,1983.199951171875,1994.199951171875,554.0
1736,2023-04-18,1996.9000244140625,2007.4000244140625,1996.9000244140625,2007.4000244140625,72.0
1737,2023-04-19,2005.699951171875,2006.4000244140625,1969.800048828125,1995.199951171875,61.0
1738,2023-04-20,1998.0,2007.5999755859373,1998.0,2007.5999755859373,164.0
1739,2023-04-21,1996.199951171875,1996.199951171875,1974.0999755859373,1979.5,132.0
1740,2023-04-24,1981.300048828125,1989.800048828125,1977.4000244140625,1989.0999755859373,145.0
1741,2023-04-25,1995.699951171875,1999.0999755859373,1982.300048828125,1994.0,306.0
1742,2023-04-26,1997.800048828125,1998.800048828125,1985.5999755859373,1985.699951171875,615.0
1743,2023-04-27,1990.5999755859373,2002.300048828125,1979.9000244140625,1989.9000244140625,355.0
1744,2023-04-28,1986.9000244140625,1990.0999755859373,1977.699951171875,1990.0999755859373,152.0
1745,2023-05-01,1980.0999755859373,2005.0,1976.9000244140625,1983.4000244140625,210.0
1746,2023-05-02,1994.699951171875,2018.0,1994.699951171875,2014.300048828125,1896.0
1747,2023-05-03,2017.0999755859373,2035.0999755859373,2015.199951171875,2028.5999755859373,1349.0
1748,2023-05-04,2045.0,2072.0,2040.0,2048.0,930.0
1749,2023-05-05,2046.4000244140625,2046.4000244140625,2004.300048828125,2017.4000244140625,59.0
1750,2023-05-08,2022.5,2026.300048828125,2022.5,2026.300048828125,3.0
1751,2023-05-09,2026.5999755859373,2037.300048828125,2025.9000244140625,2036.199951171875,241.0
1752,2023-05-10,2032.300048828125,2044.300048828125,2029.5,2030.5,248.0
1753,2023-05-11,2034.0999755859373,2038.300048828125,2014.0,2014.699951171875,90.0
1754,2023-05-12,2014.5,2014.5,2014.5,2014.5,115.0
1755,2023-05-15,2013.800048828125,2018.0,2013.800048828125,2018.0,3.0
1756,2023-05-16,1988.4000244140625,1988.4000244140625,1988.4000244140625,1988.4000244140625,49.0
1757,2023-05-17,1983.5999755859373,1983.5999755859373,1980.699951171875,1980.699951171875,13.0
1758,2023-05-18,1956.5,1956.800048828125,1956.5,1956.5,23.0
1759,2023-05-19,1960.0,1978.699951171875,1960.0,1978.699951171875,106.0
1760,2023-05-22,1980.5,1980.5,1974.800048828125,1974.800048828125,8.0
1761,2023-05-23,1972.4000244140625,1972.4000244140625,1972.4000244140625,1972.4000244140625,1.0
1762,2023-05-24,1975.4000244140625,1975.4000244140625,1962.800048828125,1962.800048828125,189.0
1763,2023-05-25,1943.0999755859373,1943.0999755859373,1943.0999755859373,1943.0999755859373,1.0
1764,2023-05-26,1948.199951171875,1948.4000244140625,1944.0999755859373,1944.0999755859373,166036.0
1765,2023-05-30,1942.699951171875,1962.5999755859373,1931.0,1958.0,37838.0
1766,2023-05-31,1958.199951171875,1973.0,1953.0,1963.9000244140625,5959.0
1767,2023-06-01,1963.199951171875,1983.0,1954.300048828125,1978.0,750.0
1768,2023-06-02,1977.0999755859373,1982.5,1947.4000244140625,1952.4000244140625,356.0
1769,2023-06-05,1947.5,1961.9000244140625,1937.800048828125,1958.0,713.0
1770,2023-06-06,1960.800048828125,1965.5,1958.800048828125,1965.5,164.0
1771,2023-06-07,1959.0,1968.4000244140625,1940.699951171875,1942.699951171875,139.0
1772,2023-06-08,1943.199951171875,1969.0,1943.0999755859373,1963.5999755859373,433.0
1773,2023-06-09,1965.0999755859373,1969.800048828125,1960.300048828125,1962.199951171875,49.0
1774,2023-06-12,1959.699951171875,1963.5,1951.4000244140625,1955.300048828125,212.0
1775,2023-06-13,1960.5999755859373,1967.5,1940.300048828125,1944.5999755859373,343.0
1776,2023-06-14,1946.199951171875,1958.199951171875,1940.300048828125,1955.300048828125,202.0
1777,2023-06-15,1941.699951171875,1958.800048828125,1926.0,1957.800048828125,329.0
1778,2023-06-16,1961.4000244140625,1962.9000244140625,1953.5,1958.4000244140625,119.0
1779,2023-06-20,1958.5999755859373,1958.5999755859373,1931.300048828125,1935.5,193.0
1780,2023-06-21,1935.5999755859373,1936.800048828125,1920.0,1933.300048828125,557.0
1781,2023-06-22,1920.0,1921.0,1912.0999755859373,1912.699951171875,237.0
1782,2023-06-23,1918.699951171875,1932.5,1918.699951171875,1919.0999755859373,105.0
1783,2023-06-26,1922.9000244140625,1928.5,1922.5,1923.699951171875,71.0
1784,2023-06-27,1927.0,1929.4000244140625,1914.0,1914.0,49.0
1785,2023-06-28,1912.300048828125,1912.300048828125,1912.300048828125,1912.300048828125,628.0
1786,2023-06-29,1909.9000244140625,1909.9000244140625,1892.5,1909.199951171875,289.0
1787,2023-06-30,1908.5999755859373,1921.0999755859373,1900.5999755859373,1921.0999755859373,445.0
1788,2023-07-03,1917.9000244140625,1929.5,1917.9000244140625,1921.699951171875,41.0
1789,2023-07-05,1923.5,1933.9000244140625,1914.699951171875,1919.5999755859373,193.0
1790,2023-07-06,1909.300048828125,1910.199951171875,1903.199951171875,1908.699951171875,81.0
1791,2023-07-07,1913.4000244140625,1934.0999755859373,1913.4000244140625,1926.199951171875,61.0
1792,2023-07-10,1923.5999755859373,1926.0999755859373,1912.300048828125,1925.0,269.0
1793,2023-07-11,1925.0,1937.0,1924.199951171875,1931.300048828125,142.0
1794,2023-07-12,1932.300048828125,1958.0,1932.199951171875,1956.199951171875,132.0
1795,2023-07-13,1961.0999755859373,1961.0999755859373,1953.0,1959.199951171875,121.0
1796,2023-07-14,1958.4000244140625,1960.5999755859373,1952.699951171875,1960.0999755859373,94.0
1797,2023-07-17,1954.0,1956.5,1946.5999755859373,1952.4000244140625,29.0
1798,2023-07-18,1968.800048828125,1978.4000244140625,1963.4000244140625,1977.199951171875,83.0
1799,2023-07-19,1977.0,1977.5,1973.0,1977.5,35.0
1800,2023-07-20,1973.699951171875,1973.699951171875,1965.5999755859373,1968.300048828125,638.0
1801,2023-07-21,1961.800048828125,1964.300048828125,1961.800048828125,1964.300048828125,50.0
1802,2023-07-24,1965.300048828125,1965.5,1960.300048828125,1960.300048828125,2.0
1803,2023-07-25,1953.0,1962.5,1953.0,1962.0999755859373,19.0
1804,2023-07-26,1966.199951171875,1972.0,1966.199951171875,1968.9000244140625,51.0
1805,2023-07-27,1945.4000244140625,1945.4000244140625,1945.4000244140625,1945.4000244140625,194253.0
1806,2023-07-28,1945.5,1962.199951171875,1944.199951171875,1960.4000244140625,23155.0
1807,2023-07-31,1959.199951171875,1971.5999755859373,1950.0,1970.5,1025.0
1808,2023-08-01,1964.9000244140625,1965.4000244140625,1940.699951171875,1940.699951171875,688.0
1809,2023-08-02,1948.4000244140625,1953.5999755859373,1933.199951171875,1937.4000244140625,652.0
1810,2023-08-03,1934.199951171875,1936.5,1928.0,1932.0,773.0
1811,2023-08-04,1934.9000244140625,1945.0,1920.0,1939.5999755859373,290.0
1812,2023-08-07,1941.0,1941.0,1929.800048828125,1933.5,376.0
1813,2023-08-08,1931.699951171875,1933.199951171875,1923.0,1924.0999755859373,555.0
1814,2023-08-09,1925.4000244140625,1928.800048828125,1913.699951171875,1915.4000244140625,451.0
1815,2023-08-10,1921.0999755859373,1927.800048828125,1911.4000244140625,1914.4000244140625,178.0
1816,2023-08-11,1913.0,1916.5999755859373,1911.800048828125,1912.9000244140625,57.0
1817,2023-08-14,1909.300048828125,1912.5999755859373,1903.300048828125,1910.5999755859373,46.0
1818,2023-08-15,1906.0,1907.699951171875,1895.0,1902.5,73.0
1819,2023-08-16,1904.5,1904.5,1890.300048828125,1896.0999755859373,22.0
1820,2023-08-17,1893.699951171875,1902.4000244140625,1884.0,1884.0999755859373,245.0
1821,2023-08-18,1891.800048828125,1891.800048828125,1886.0999755859373,1886.0999755859373,19.0
1822,2023-08-21,1893.5999755859373,1893.5999755859373,1893.300048828125,1893.300048828125,876.0
1823,2023-08-22,1894.5999755859373,1896.800048828125,1892.800048828125,1896.4000244140625,46.0
1824,2023-08-23,1909.5999755859373,1918.5,1909.5999755859373,1918.5,547.0
1825,2023-08-24,1920.0,1920.800048828125,1918.199951171875,1918.199951171875,337.0
1826,2023-08-25,1919.800048828125,1919.800048828125,1911.0999755859373,1911.0999755859373,195.0
1827,2023-08-28,1915.5,1921.5,1915.5,1917.9000244140625,99.0
1828,2023-08-29,1917.9000244140625,1936.5,1916.9000244140625,1936.5,1674.0
1829,2023-08-30,1936.0,1946.4000244140625,1934.5999755859373,1944.300048828125,396.0
1830,2023-08-31,1944.4000244140625,1944.4000244140625,1938.199951171875,1938.199951171875,491.0
1831,2023-09-01,1950.0,1950.0,1936.5999755859373,1939.800048828125,167.0
1832,2023-09-05,1934.4000244140625,1934.4000244140625,1924.699951171875,1926.199951171875,113.0
1833,2023-09-06,1924.0999755859373,1925.300048828125,1916.300048828125,1918.0999755859373,24.0
1834,2023-09-07,1917.5999755859373,1921.5,1917.5,1917.5,41.0
1835,2023-09-08,1924.0,1924.699951171875,1918.4000244140625,1918.4000244140625,105.0
1836,2023-09-11,1923.0,1928.300048828125,1921.800048828125,1923.300048828125,50.0
1837,2023-09-12,1920.800048828125,1920.800048828125,1911.300048828125,1911.300048828125,365.0
1838,2023-09-13,1910.300048828125,1914.5999755859373,1908.9000244140625,1909.0999755859373,15.0
1839,2023-09-14,1903.0,1910.0,1903.0,1910.0,169.0
1840,2023-09-15,1923.5,1927.300048828125,1923.5,1923.699951171875,8.0
1841,2023-09-18,1928.199951171875,1931.5,1926.4000244140625,1931.5,19.0
1842,2023-09-19,1934.0,1934.0,1932.0,1932.0,6.0
1843,2023-09-20,1945.5999755859373,1945.5999755859373,1929.199951171875,1945.5999755859373,119.0
1844,2023-09-21,1924.0,1924.0,1919.199951171875,1919.199951171875,9.0
1845,2023-09-22,1925.4000244140625,1925.4000244140625,1925.4000244140625,1925.4000244140625,1.0
1846,2023-09-25,1916.5999755859373,1916.5999755859373,1916.5999755859373,1916.5999755859373,114.0
1847,2023-09-26,1905.0,1905.0999755859373,1900.4000244140625,1900.4000244140625,161.0
1848,2023-09-27,1871.5999755859373,1871.5999755859373,1871.5999755859373,1871.5999755859373,12251.0
1849,2023-09-28,1875.5,1878.199951171875,1856.699951171875,1860.4000244140625,4654.0
1850,2023-09-29,1864.300048828125,1872.300048828125,1846.0,1848.0999755859373,1605.0
1851,2023-10-02,1844.0999755859373,1845.9000244140625,1826.699951171875,1830.0,2309.0
1852,2023-10-03,1825.0,1830.9000244140625,1816.800048828125,1824.5999755859373,310.0
1853,2023-10-04,1821.800048828125,1828.199951171875,1816.4000244140625,1818.5,357.0
1854,2023-10-05,1826.300048828125,1826.300048828125,1815.5999755859373,1816.5999755859373,393.0
1855,2023-10-06,1819.0,1831.800048828125,1809.4000244140625,1830.199951171875,390.0
1856,2023-10-09,1842.5,1861.5,1842.5,1849.5,232.0
1857,2023-10-10,1857.0,1861.4000244140625,1852.800048828125,1861.0,236.0
1858,2023-10-11,1869.5,1874.5999755859373,1869.0999755859373,1872.800048828125,65.0
1859,2023-10-12,1874.699951171875,1881.199951171875,1867.0,1869.300048828125,46.0
1860,2023-10-13,1877.5,1930.0999755859373,1877.5,1927.4000244140625,43.0
1861,2023-10-16,1910.4000244140625,1921.0999755859373,1910.300048828125,1921.0999755859373,53.0
1862,2023-10-17,1914.300048828125,1925.800048828125,1914.300048828125,1922.699951171875,103.0
1863,2023-10-18,1935.0,1957.9000244140625,1935.0,1955.300048828125,67.0
1864,2023-10-19,1950.0999755859373,1977.699951171875,1945.699951171875,1968.4000244140625,1945.0
1865,2023-10-20,1981.0999755859373,1988.5999755859373,1980.4000244140625,1982.5,557.0
1866,2023-10-23,1976.199951171875,1978.9000244140625,1972.9000244140625,1976.300048828125,127.0
1867,2023-10-24,1970.300048828125,1975.0,1970.300048828125,1975.0,10.0
1868,2023-10-25,1971.199951171875,1985.300048828125,1971.199951171875,1984.0999755859373,97.0
1869,2023-10-26,1988.199951171875,1988.199951171875,1980.4000244140625,1987.199951171875,521.0
1870,2023-10-27,1988.5999755859373,1988.5999755859373,1988.5999755859373,1988.5999755859373,372.0
1871,2023-10-30,2004.0999755859373,2004.0999755859373,1992.5,1996.199951171875,157.0
1872,2023-10-31,1996.5,2001.0,1983.699951171875,1985.199951171875,84.0
1873,2023-11-01,1990.5,1990.5,1977.800048828125,1978.800048828125,41.0
1874,2023-11-02,1989.0999755859373,1990.300048828125,1979.5,1985.5999755859373,39.0
1875,2023-11-03,1989.0,1991.5,1989.0,1991.5,12.0
1876,2023-11-06,1981.5999755859373,1981.5999755859373,1977.4000244140625,1981.5999755859373,130.0
1877,2023-11-07,1966.5,1966.800048828125,1960.699951171875,1966.800048828125,20.0
1878,2023-11-08,1967.800048828125,1967.800048828125,1947.699951171875,1951.5,43.0
1879,2023-11-09,1951.699951171875,1964.199951171875,1945.300048828125,1964.199951171875,10.0
1880,2023-11-10,1959.5999755859373,1959.5999755859373,1932.5999755859373,1932.5999755859373,375.0
1881,2023-11-13,1939.9000244140625,1947.199951171875,1934.0,1945.5,191.0
1882,2023-11-14,1965.800048828125,1965.800048828125,1961.800048828125,1961.800048828125,2.0
1883,2023-11-15,1962.800048828125,1962.800048828125,1960.0,1960.0999755859373,6.0
1884,2023-11-16,1965.300048828125,1983.9000244140625,1964.5999755859373,1983.9000244140625,39.0
1885,2023-11-17,1982.5,1984.0,1979.800048828125,1981.5999755859373,32.0
1886,2023-11-20,1978.699951171875,1979.4000244140625,1969.699951171875,1977.699951171875,182.0
1887,2023-11-21,1990.699951171875,2005.5,1988.5,1999.300048828125,16.0
1888,2023-11-22,1999.0999755859373,1999.4000244140625,1991.0,1991.4000244140625,6075.0
1889,2023-11-24,1991.9000244140625,2002.199951171875,1991.5,2002.199951171875,63.0
1890,2023-11-27,2011.699951171875,2011.800048828125,2011.699951171875,2011.800048828125,228.0
1891,2023-11-28,2040.5999755859373,2042.699951171875,2039.699951171875,2039.699951171875,174665.0
1892,2023-11-29,2041.699951171875,2052.10009765625,2036.0,2047.0999755859373,15290.0
1893,2023-11-30,2046.0999755859373,2047.0999755859373,2033.0999755859373,2038.0999755859373,2506.0
1894,2023-12-01,2038.300048828125,2073.199951171875,2036.0,2071.0,614.0
1895,2023-12-04,2075.300048828125,2130.199951171875,2021.0,2024.0999755859373,1071.0
1896,2023-12-05,2035.0999755859373,2037.0,2010.199951171875,2018.5,289.0
1897,2023-12-06,2019.9000244140625,2035.800048828125,2019.0,2030.5,417.0
1898,2023-12-07,2029.199951171875,2034.9000244140625,2024.0,2029.9000244140625,67.0
1899,2023-12-08,2031.699951171875,2033.0999755859373,1995.0,1998.300048828125,449.0
1900,2023-12-11,2004.0999755859373,2004.199951171875,1977.199951171875,1978.0,651.0
1901,2023-12-12,1984.199951171875,1994.199951171875,1977.800048828125,1977.800048828125,95.0
1902,2023-12-13,1978.5,2024.800048828125,1975.0,1982.300048828125,2252.0
1903,2023-12-14,2024.699951171875,2040.0999755859373,2024.300048828125,2030.199951171875,236.0
1904,2023-12-15,2032.5999755859373,2043.4000244140625,2018.300048828125,2021.0999755859373,261.0
1905,2023-12-18,2024.300048828125,2032.800048828125,2024.0,2026.300048828125,100.0
1906,2023-12-19,2025.199951171875,2042.699951171875,2025.199951171875,2038.4000244140625,498.0
1907,2023-12-20,2037.0999755859373,2037.0999755859373,2030.300048828125,2034.5,258.0
1908,2023-12-21,2035.800048828125,2044.5,2033.0,2039.0999755859373,228.0
1909,2023-12-22,2055.699951171875,2068.699951171875,2052.199951171875,2057.10009765625,202.0
1910,2023-12-26,2060.0,2060.800048828125,2054.199951171875,2058.199951171875,64.0
1911,2023-12-27,2067.300048828125,2081.89990234375,2064.800048828125,2081.89990234375,586.0
1912,2023-12-28,2081.60009765625,2087.300048828125,2066.5,2073.89990234375,338.0
1913,2023-12-29,2068.0,2068.89990234375,2062.10009765625,2062.39990234375,47.0
1914,2024-01-02,2063.5,2073.699951171875,2057.10009765625,2064.39990234375,61.0
1915,2024-01-03,2034.199951171875,2044.0,2034.199951171875,2034.199951171875,54.0
1916,2024-01-04,2041.5999755859373,2044.5,2038.0,2042.300048828125,88.0
1917,2024-01-05,2044.5,2048.10009765625,2042.4000244140625,2042.4000244140625,12.0
1918,2024-01-08,2019.0999755859373,2033.699951171875,2019.0999755859373,2026.5999755859373,10.0
1919,2024-01-09,2035.800048828125,2035.800048828125,2026.4000244140625,2026.4000244140625,27.0
1920,2024-01-10,2029.0,2035.5999755859373,2021.699951171875,2021.699951171875,538.0
1921,2024-01-11,2025.0999755859373,2025.0999755859373,2014.300048828125,2014.300048828125,97.0
1922,2024-01-12,2031.0999755859373,2057.0,2031.0999755859373,2046.699951171875,390.0
1923,2024-01-16,2051.699951171875,2054.800048828125,2026.0,2026.0,46.0
1924,2024-01-17,2026.5,2026.5,2002.5999755859373,2002.5999755859373,764.0
1925,2024-01-18,2012.800048828125,2018.5999755859373,2009.5,2018.5999755859373,1474.0
1926,2024-01-19,2023.199951171875,2036.0,2019.5,2026.5,50.0
1927,2024-01-22,2021.300048828125,2021.300048828125,2019.800048828125,2019.800048828125,12.0
1928,2024-01-23,2030.300048828125,2030.300048828125,2022.5,2023.699951171875,15.0
1929,2024-01-24,2023.199951171875,2033.199951171875,2013.9000244140625,2013.9000244140625,253.0
1930,2024-01-25,2012.0999755859373,2022.4000244140625,2012.0999755859373,2016.9000244140625,548.0
1931,2024-01-26,2021.699951171875,2022.4000244140625,2016.800048828125,2016.800048828125,49.0
1932,2024-01-29,2025.199951171875,2025.199951171875,2025.199951171875,2025.199951171875,150708.0
1933,2024-01-30,2032.5,2048.5,2028.0999755859373,2031.5,26907.0
1934,2024-01-31,2035.4000244140625,2055.0,2030.0,2048.39990234375,2007.0
1935,2024-02-01,2040.199951171875,2064.5,2029.0,2053.0,947.0
1936,2024-02-02,2054.800048828125,2055.89990234375,2027.699951171875,2036.0999755859373,888.0
1937,2024-02-05,2038.9000244140625,2040.800048828125,2013.800048828125,2025.699951171875,412.0
1938,2024-02-06,2025.9000244140625,2037.300048828125,2025.9000244140625,2034.5,249.0
1939,2024-02-07,2032.800048828125,2039.5,2032.699951171875,2035.199951171875,71.0
1940,2024-02-08,2028.0,2036.699951171875,2020.300048828125,2032.199951171875,341.0
1941,2024-02-09,2032.0,2032.0,2020.0,2023.300048828125,62.0
1942,2024-02-12,2025.5,2025.5,2011.5999755859373,2018.199951171875,317.0
1943,2024-02-13,2025.0999755859373,2025.800048828125,1990.0,1992.9000244140625,198.0
1944,2024-02-14,1990.300048828125,1993.5,1984.800048828125,1990.300048828125,1916.0
1945,2024-02-15,1993.5999755859373,2007.199951171875,1993.5999755859373,2002.0999755859373,286.0
1946,2024-02-16,2005.0,2011.5,1996.5,2011.5,32.0
1947,2024-02-20,2015.5999755859373,2029.0,2015.5999755859373,2027.5,1326.0
1948,2024-02-21,2028.199951171875,2028.199951171875,2022.300048828125,2022.300048828125,15.0
1949,2024-02-22,2033.199951171875,2033.199951171875,2019.699951171875,2019.699951171875,964.0
1950,2024-02-23,2026.0,2038.5999755859373,2014.9000244140625,2038.5999755859373,22.0
1951,2024-02-26,2034.0999755859373,2035.4000244140625,2024.800048828125,2028.5,143.0
1952,2024-02-27,2035.9000244140625,2035.9000244140625,2034.0,2034.0,964.0
1953,2024-02-28,2029.5,2037.0,2024.800048828125,2033.0,581.0
1954,2024-02-29,2034.300048828125,2049.800048828125,2034.300048828125,2045.699951171875,706.0
1955,2024-03-01,2043.0999755859373,2086.89990234375,2041.800048828125,2086.89990234375,1210.0
1956,2024-03-04,2083.60009765625,2119.800048828125,2080.699951171875,2117.699951171875,805.0
1957,2024-03-05,2114.89990234375,2133.5,2111.39990234375,2133.5,1287.0
1958,2024-03-06,2125.5,2150.300048828125,2125.5,2150.300048828125,443.0
1959,2024-03-07,2147.0,2163.0,2147.0,2158.0,152.0
1960,2024-03-08,2167.300048828125,2194.89990234375,2166.300048828125,2178.60009765625,259.0
1961,2024-03-11,2181.0,2184.0,2177.199951171875,2182.5,738.0
1962,2024-03-12,2182.5,2182.699951171875,2160.39990234375,2160.39990234375,550.0
1963,2024-03-13,2162.5,2175.39990234375,2162.5,2175.39990234375,20.0
1964,2024-03-14,2163.0,2163.0,2162.300048828125,2163.0,515.0
1965,2024-03-15,2161.699951171875,2161.699951171875,2157.300048828125,2157.300048828125,100.0
1966,2024-03-18,2146.199951171875,2160.699951171875,2146.199951171875,2160.699951171875,21.0
1967,2024-03-19,2156.10009765625,2156.300048828125,2156.10009765625,2156.300048828125,12.0
1968,2024-03-20,2157.300048828125,2185.89990234375,2150.89990234375,2157.89990234375,17.0
1969,2024-03-21,2207.0,2211.60009765625,2182.39990234375,2182.39990234375,63.0
1970,2024-03-22,2179.199951171875,2179.60009765625,2157.5,2158.10009765625,19.0
1971,2024-03-25,2166.199951171875,2179.39990234375,2166.199951171875,2174.800048828125,79.0
1972,2024-03-26,2182.699951171875,2182.699951171875,2175.60009765625,2175.60009765625,202373.0
1973,2024-03-27,2179.39990234375,2196.199951171875,2172.10009765625,2190.60009765625,31200.0
1974,2024-03-28,2193.60009765625,2234.10009765625,2187.10009765625,2217.39990234375,2040.0
1975,2024-04-01,2235.699951171875,2264.199951171875,2230.0,2236.5,400.0
1976,2024-04-02,2252.0,2279.199951171875,2247.60009765625,2261.0,435.0
1977,2024-04-03,2281.699951171875,2298.800048828125,2267.89990234375,2294.39990234375,285.0
1978,2024-04-04,2301.699951171875,2302.89990234375,2280.0,2288.800048828125,251.0
1979,2024-04-05,2289.199951171875,2328.39990234375,2267.39990234375,2325.699951171875,344.0
1980,2024-04-08,2325.60009765625,2341.800048828125,2319.0,2331.699951171875,202.0
1981,2024-04-09,2337.800048828125,2364.699951171875,2337.800048828125,2343.5,211.0
1982,2024-04-10,2346.60009765625,2358.10009765625,2327.699951171875,2329.60009765625,377.0
1983,2024-04-11,2341.5,2376.300048828125,2330.60009765625,2354.800048828125,283.0
1984,2024-04-12,2377.300048828125,2429.0,2334.300048828125,2356.199951171875,584.0
1985,2024-04-15,2362.10009765625,2384.699951171875,2326.0,2365.800048828125,1801.0
1986,2024-04-16,2384.0,2390.800048828125,2371.39990234375,2390.800048828125,41.0
1987,2024-04-17,2384.199951171875,2391.39990234375,2369.300048828125,2371.699951171875,37.0
1988,2024-04-18,2368.39990234375,2384.39990234375,2368.39990234375,2382.300048828125,128.0
1989,2024-04-19,2379.300048828125,2399.800048828125,2377.300048828125,2398.39990234375,160.0
1990,2024-04-22,2383.300048828125,2383.300048828125,2326.89990234375,2332.199951171875,53.0
1991,2024-04-23,2327.699951171875,2330.800048828125,2294.199951171875,2327.699951171875,171.0
1992,2024-04-24,2321.300048828125,2328.699951171875,2314.60009765625,2324.5,95.0
1993,2024-04-25,2315.0,2329.800048828125,2305.0,2329.800048828125,1024.0
1994,2024-04-26,2347.89990234375,2347.89990234375,2332.800048828125,2334.800048828125,717.0
1995,2024-04-29,2334.800048828125,2345.5,2327.89990234375,2345.39990234375,405.0
1996,2024-04-30,2322.5,2322.5,2291.39990234375,2291.39990234375,113.0
1997,2024-05-01,2287.699951171875,2327.300048828125,2283.800048828125,2299.89990234375,42.0
1998,2024-05-02,2321.699951171875,2324.699951171875,2292.300048828125,2299.199951171875,56.0
1999,2024-05-03,2300.0,2301.0,2277.60009765625,2299.0,194.0
2000,2024-05-06,2322.800048828125,2325.5,2314.199951171875,2321.60009765625,9.0
2001,2024-05-07,2324.300048828125,2324.300048828125,2315.199951171875,2315.199951171875,25.0
2002,2024-05-08,2313.60009765625,2313.60009765625,2313.60009765625,2313.60009765625,4.0
2003,2024-05-09,2310.699951171875,2339.5,2310.699951171875,2332.10009765625,5.0
2004,2024-05-10,2367.300048828125,2367.300048828125,2367.300048828125,2367.300048828125,126.0
2005,2024-05-13,2358.300048828125,2358.300048828125,2336.10009765625,2336.10009765625,14.0
2006,2024-05-14,2336.0,2358.0,2336.0,2353.39990234375,6.0
2007,2024-05-15,2361.60009765625,2388.699951171875,2356.0,2388.699951171875,29.0
2008,2024-05-16,2389.5,2392.199951171875,2380.0,2380.0,7.0
2009,2024-05-17,2380.699951171875,2415.800048828125,2380.699951171875,2412.199951171875,213.0
2010,2024-05-20,2415.800048828125,2435.800048828125,2409.699951171875,2433.89990234375,40.0
2011,2024-05-21,2429.5,2429.5,2421.0,2421.699951171875,6.0
2012,2024-05-22,2417.5,2417.60009765625,2375.800048828125,2389.199951171875,180.0
2013,2024-05-23,2371.199951171875,2371.199951171875,2335.0,2335.0,365.0
2014,2024-05-24,2342.60009765625,2345.39990234375,2332.5,2332.5,25.0
2015,2024-05-28,2336.89990234375,2359.699951171875,2336.89990234375,2355.199951171875,26.0
2016,2024-05-29,2340.300048828125,2340.300048828125,2340.300048828125,2340.300048828125,119317.0
2017,2024-05-30,2336.89990234375,2349.5,2320.800048828125,2342.89990234375,32587.0
2018,2024-05-31,2344.10009765625,2354.0,2319.0,2322.89990234375,941.0
2019,2024-06-03,2322.60009765625,2347.5,2312.0,2346.60009765625,781.0
2020,2024-06-04,2347.5,2347.699951171875,2313.89990234375,2325.5,890.0
2021,2024-06-05,2326.39990234375,2354.300048828125,2326.199951171875,2354.10009765625,295.0
2022,2024-06-06,2355.0,2375.800048828125,2355.0,2370.300048828125,179.0
2023,2024-06-07,2379.89990234375,2385.10009765625,2285.39990234375,2305.199951171875,269.0
2024,2024-06-10,2290.60009765625,2309.300048828125,2290.5,2307.699951171875,69.0
2025,2024-06-11,2300.0,2314.10009765625,2300.0,2307.5,871.0
2026,2024-06-12,2314.89990234375,2338.699951171875,2310.300048828125,2336.0,132.0
2027,2024-06-13,2309.39990234375,2317.699951171875,2296.199951171875,2300.199951171875,298.0
2028,2024-06-14,2307.0,2331.39990234375,2305.800048828125,2331.39990234375,948.0
2029,2024-06-17,2320.199951171875,2320.199951171875,2309.60009765625,2312.39990234375,110.0
2030,2024-06-18,2311.800048828125,2330.39990234375,2311.800048828125,2330.39990234375,43.0
2031,2024-06-20,2328.89990234375,2354.0,2328.300048828125,2353.800048828125,183.0
2032,2024-06-21,2331.199951171875,2331.199951171875,2316.39990234375,2316.39990234375,76.0
2033,2024-06-24,2323.300048828125,2332.89990234375,2322.699951171875,2330.0,99.0
2034,2024-06-25,2324.39990234375,2333.0,2316.60009765625,2316.60009765625,105.0
2035,2024-06-26,2307.89990234375,2314.39990234375,2298.0,2299.199951171875,986.0
2036,2024-06-27,2296.800048828125,2329.0,2295.0,2324.5,1532.0
2037,2024-06-28,2325.39990234375,2338.300048828125,2319.0,2327.699951171875,92.0
2038,2024-07-01,2323.800048828125,2329.699951171875,2321.699951171875,2327.60009765625,237.0
2039,2024-07-02,2330.699951171875,2334.60009765625,2323.0,2323.0,30.0
2040,2024-07-03,2330.89990234375,2361.60009765625,2330.89990234375,2359.800048828125,59.0
2041,2024-07-05,2354.89990234375,2388.5,2354.89990234375,2388.5,72.0
2042,2024-07-08,2381.699951171875,2383.800048828125,2352.800048828125,2355.199951171875,64.0
2043,2024-07-09,2363.10009765625,2363.699951171875,2360.10009765625,2360.10009765625,9.0
2044,2024-07-10,2366.300048828125,2377.0,2365.800048828125,2372.199951171875,19.0
2045,2024-07-11,2378.699951171875,2416.699951171875,2378.699951171875,2415.0,72.0
2046,2024-07-12,2399.800048828125,2414.0,2391.300048828125,2414.0,355.0
2047,2024-07-15,2430.0,2436.0,2422.89990234375,2422.89990234375,540.0
2048,2024-07-16,2427.39990234375,2462.39990234375,2427.39990234375,2462.39990234375,93.0
2049,2024-07-17,2472.89990234375,2473.10009765625,2454.800048828125,2454.800048828125,10.0
2050,2024-07-18,2466.0,2466.0,2451.800048828125,2451.800048828125,2.0
2051,2024-07-19,2418.800048828125,2419.199951171875,2395.5,2395.5,15.0
2052,2024-07-22,2402.10009765625,2402.10009765625,2392.0,2392.0,18.0
2053,2024-07-23,2395.800048828125,2404.60009765625,2388.699951171875,2404.60009765625,41.0
2054,2024-07-24,2421.0,2421.0,2411.60009765625,2413.300048828125,6.0
2055,2024-07-25,2365.5,2365.5,2351.89990234375,2351.89990234375,31.0
2056,2024-07-26,2368.699951171875,2386.89990234375,2368.699951171875,2380.0,95.0
2057,2024-07-29,2377.300048828125,2377.300048828125,2377.300048828125,2377.300048828125,126409.0
2058,2024-07-30,2380.89990234375,2409.300048828125,2373.800048828125,2405.0,25944.0
2059,2024-07-31,2407.10009765625,2447.60009765625,2402.800048828125,2426.5,1313.0
2060,2024-08-01,2446.699951171875,2455.10009765625,2430.39990234375,2435.0,690.0
2061,2024-08-02,2444.0,2477.0,2416.0,2425.699951171875,550.0
2062,2024-08-05,2442.0,2449.800048828125,2367.39990234375,2401.699951171875,334.0
2063,2024-08-06,2414.5,2421.800048828125,2380.0,2389.10009765625,163.0
2064,2024-08-07,2392.199951171875,2401.0,2384.5,2390.5,130.0
2065,2024-08-08,2384.300048828125,2422.800048828125,2384.300048828125,2422.199951171875,201.0
2066,2024-08-09,2422.300048828125,2432.10009765625,2418.5,2432.10009765625,611.0
2067,2024-08-12,2432.699951171875,2469.800048828125,2432.0,2462.39990234375,566.0
2068,2024-08-13,2461.0,2470.0,2456.5,2466.699951171875,510.0
2069,2024-08-14,2468.0,2472.10009765625,2439.39990234375,2439.39990234375,274.0
2070,2024-08-15,2451.800048828125,2467.699951171875,2431.199951171875,2453.10009765625,285.0
2071,2024-08-16,2453.5,2508.0,2451.39990234375,2498.60009765625,197.0
2072,2024-08-19,2508.5,2508.5,2487.199951171875,2501.800048828125,88.0
2073,2024-08-20,2503.5,2527.300048828125,2500.699951171875,2511.300048828125,187.0
2074,2024-08-21,2511.0,2515.39990234375,2503.89990234375,2508.39990234375,96.0
2075,2024-08-22,2504.10009765625,2504.10009765625,2471.10009765625,2478.89990234375,210.0
2076,2024-08-23,2486.5,2508.39990234375,2486.5,2508.39990234375,94.0
2077,2024-08-26,2509.89990234375,2523.10009765625,2509.10009765625,2517.699951171875,290.0
2078,2024-08-27,2515.199951171875,2523.10009765625,2506.89990234375,2516.0,100.0
2079,2024-08-28,2501.0,2501.0,2501.0,2501.0,2353.0
2080,2024-08-29,2504.10009765625,2525.699951171875,2503.89990234375,2525.699951171875,3966.0
2081,2024-08-30,2519.5,2525.39990234375,2493.800048828125,2493.800048828125,208.0
2082,2024-09-03,2501.60009765625,2501.800048828125,2476.300048828125,2489.89990234375,206.0
2083,2024-09-04,2490.89990234375,2493.39990234375,2483.5,2493.39990234375,470.0
2084,2024-09-05,2493.699951171875,2513.300048828125,2493.39990234375,2511.39990234375,54.0
2085,2024-09-06,2510.300048828125,2517.89990234375,2483.699951171875,2493.5,96.0
2086,2024-09-09,2491.300048828125,2504.699951171875,2491.300048828125,2501.800048828125,96.0
2087,2024-09-10,2512.300048828125,2512.300048828125,2512.300048828125,2512.300048828125,5.0
2088,2024-09-11,2525.800048828125,2525.800048828125,2502.300048828125,2512.10009765625,90.0
2089,2024-09-12,2529.10009765625,2557.0,2523.39990234375,2551.199951171875,132.0
2090,2024-09-13,2568.800048828125,2581.800048828125,2565.0,2581.300048828125,31.0
2091,2024-09-16,2580.39990234375,2580.39990234375,2580.39990234375,2580.39990234375,28.0
2092,2024-09-17,2581.199951171875,2581.800048828125,2564.300048828125,2564.300048828125,22.0
2093,2024-09-18,2570.699951171875,2570.699951171875,2549.199951171875,2570.699951171875,25.0
2094,2024-09-19,2566.0,2588.0,2566.0,2588.0,99.0
2095,2024-09-20,2590.39990234375,2621.800048828125,2590.39990234375,2619.89990234375,17.0
2096,2024-09-23,2626.5,2626.5,2626.5,2626.5,9.0
2097,2024-09-24,2636.800048828125,2662.300048828125,2625.5,2651.199951171875,35.0
2098,2024-09-25,2656.300048828125,2664.199951171875,2649.300048828125,2659.199951171875,175.0
2099,2024-09-26,2662.300048828125,2669.89990234375,2660.800048828125,2669.89990234375,17216.0
2100,2024-09-27,2670.0,2672.10009765625,2641.699951171875,2644.300048828125,4228.0
2101,2024-09-30,2660.89990234375,2662.10009765625,2623.199951171875,2636.10009765625,973.0
2102,2024-10-01,2631.39990234375,2670.89990234375,2631.39990234375,2667.300048828125,153.0
2103,2024-10-02,2650.60009765625,2657.199951171875,2640.0,2647.10009765625,72.0
2104,2024-10-03,2642.800048828125,2657.10009765625,2640.0,2657.10009765625,354.0
2105,2024-10-04,2656.0,2667.0,2639.0,2645.800048828125,114.0
2106,2024-10-07,2648.699951171875,2657.39990234375,2639.0,2644.800048828125,284.0
2107,2024-10-08,2639.0,2639.0,2609.300048828125,2615.0,687.0
2108,2024-10-09,2603.0,2607.699951171875,2603.0,2606.0,152.0
2109,2024-10-10,2602.5,2628.300048828125,2602.5,2620.60009765625,320.0
2110,2024-10-11,2638.300048828125,2658.10009765625,2638.199951171875,2657.60009765625,12.0
2111,2024-10-14,2655.0,2655.300048828125,2647.800048828125,2647.800048828125,40.0
2112,2024-10-15,2661.39990234375,2661.39990234375,2661.39990234375,2661.39990234375,39.0
2113,2024-10-16,2674.0,2674.0,2674.0,2674.0,6.0
2114,2024-10-17,2677.39990234375,2691.699951171875,2677.199951171875,2691.0,30.0
2115,2024-10-18,2713.699951171875,2719.60009765625,2713.699951171875,2713.699951171875,29.0
2116,2024-10-21,2721.89990234375,2738.39990234375,2719.5,2723.10009765625,52.0
2117,2024-10-22,2731.699951171875,2746.0,2728.60009765625,2744.199951171875,93.0
2118,2024-10-23,2742.5,2742.5,2714.199951171875,2714.39990234375,18.0
2119,2024-10-24,2729.0,2736.10009765625,2729.0,2734.89990234375,27.0
2120,2024-10-25,2725.5,2742.39990234375,2725.5,2740.89990234375,29.0
2121,2024-10-28,2736.10009765625,2742.89990234375,2729.5,2742.89990234375,56.0
2122,2024-10-29,2768.39990234375,2768.39990234375,2768.39990234375,2768.39990234375,848.0
2123,2024-10-30,2774.60009765625,2789.0,2774.60009765625,2788.5,231.0
2124,2024-10-31,2787.39990234375,2787.5,2733.5,2738.300048828125,849.0
2125,2024-11-01,2745.5,2756.0,2734.199951171875,2738.60009765625,109.0
2126,2024-11-04,2736.5,2737.10009765625,2736.10009765625,2736.10009765625,16.0
2127,2024-11-05,2743.0,2743.89990234375,2740.300048828125,2740.300048828125,23.0
2128,2024-11-06,2734.5,2734.5,2659.39990234375,2667.60009765625,427.0
2129,2024-11-07,2662.5,2699.10009765625,2662.5,2698.39990234375,676.0
2130,2024-11-08,2688.5,2694.60009765625,2682.89990234375,2687.5,1038.0
2131,2024-11-11,2671.699951171875,2671.699951171875,2611.199951171875,2611.199951171875,20.0
2132,2024-11-12,2605.5,2605.5,2592.800048828125,2600.0,118.0
2133,2024-11-13,2611.10009765625,2611.800048828125,2580.800048828125,2580.800048828125,53.0
2134,2024-11-14,2555.10009765625,2576.199951171875,2554.199951171875,2568.199951171875,27.0
2135,2024-11-15,2565.699951171875,2565.699951171875,2565.699951171875,2565.699951171875,20.0
2136,2024-11-18,2591.699951171875,2610.699951171875,2589.39990234375,2610.60009765625,136.0
2137,2024-11-19,2621.89990234375,2627.699951171875,2619.300048828125,2627.10009765625,87.0
2138,2024-11-20,2638.5,2648.199951171875,2638.5,2648.199951171875,27.0
2139,2024-11-21,2659.300048828125,2672.10009765625,2655.699951171875,2672.10009765625,33.0
2140,2024-11-22,2687.5,2710.5,2685.60009765625,2709.89990234375,41.0
2141,2024-11-25,2689.39990234375,2689.39990234375,2616.800048828125,2616.800048828125,94.0
2142,2024-11-26,2625.60009765625,2625.60009765625,2620.300048828125,2620.300048828125,177858.0
2143,2024-11-27,2633.5,2657.89990234375,2627.199951171875,2639.89990234375,61653.0
2144,2024-11-29,2636.39990234375,2664.300048828125,2620.699951171875,2657.0,3861.0
2145,2024-12-02,2649.0,2649.800048828125,2621.699951171875,2634.89990234375,695.0
2146,2024-12-03,2639.0,2654.699951171875,2636.0,2644.699951171875,1062.0
2147,2024-12-04,2639.199951171875,2658.300048828125,2637.0,2653.800048828125,249.0
2148,2024-12-05,2652.39990234375,2655.0,2625.699951171875,2626.60009765625,573.0
2149,2024-12-06,2620.199951171875,2643.10009765625,2617.5,2638.60009765625,571.0
2150,2024-12-09,2632.10009765625,2677.10009765625,2630.800048828125,2664.89990234375,935.0
2151,2024-12-10,2662.300048828125,2698.199951171875,2661.0,2697.60009765625,437.0
2152,2024-12-11,2701.800048828125,2733.800048828125,2693.10009765625,2733.800048828125,3387.0
2153,2024-12-12,2725.10009765625,2725.10009765625,2677.39990234375,2687.5,2365.0
2154,2024-12-13,2688.199951171875,2689.300048828125,2647.89990234375,2656.0,1125.0
2155,2024-12-16,2658.300048828125,2663.300048828125,2651.0,2651.39990234375,877.0
2156,2024-12-17,2651.800048828125,2652.300048828125,2632.5,2644.39990234375,705.0
2157,2024-12-18,2644.300048828125,2647.10009765625,2590.199951171875,2636.5,566.0
2158,2024-12-19,2582.10009765625,2610.300048828125,2582.10009765625,2592.199951171875,238.0
2159,2024-12-20,2605.300048828125,2631.60009765625,2604.89990234375,2628.699951171875,592.0
2160,2024-12-23,2620.0,2627.699951171875,2611.10009765625,2612.300048828125,451.0
2161,2024-12-24,2613.0,2620.0,2609.5,2620.0,35.0
2162,2024-12-26,2628.5,2638.800048828125,2627.89990234375,2638.800048828125,84.0
2163,2024-12-27,2617.699951171875,2617.699951171875,2616.39990234375,2617.199951171875,642.0
2164,2024-12-30,2620.699951171875,2626.89990234375,2597.0,2606.10009765625,794.0
2165,2024-12-31,2608.39990234375,2629.199951171875,2604.89990234375,2629.199951171875,401.0
2166,2025-01-02,2633.0,2663.10009765625,2633.0,2658.89990234375,1728.0
2167,2025-01-03,2658.699951171875,2658.699951171875,2641.800048828125,2645.0,591.0
2168,2025-01-06,2645.5,2647.0,2617.300048828125,2638.39990234375,960.0
2169,2025-01-07,2653.39990234375,2657.5,2653.0,2656.699951171875,643.0
2170,2025-01-08,2655.5,2676.89990234375,2653.5,2664.5,999.0
2171,2025-01-09,2669.699951171875,2686.300048828125,2667.89990234375,2683.800048828125,1139.0
2172,2025-01-10,2686.10009765625,2720.10009765625,2683.699951171875,2708.5,403.0
2173,2025-01-13,2711.10009765625,2711.199951171875,2673.5,2673.5,765.0
2174,2025-01-14,2673.60009765625,2688.300048828125,2670.800048828125,2677.5,794.0
2175,2025-01-15,2690.800048828125,2712.5,2690.800048828125,2712.5,930.0
2176,2025-01-16,2731.699951171875,2749.800048828125,2731.699951171875,2746.39990234375,1721.0
2177,2025-01-17,2736.0,2751.60009765625,2725.5,2744.300048828125,1214.0
2178,2025-01-21,2746.0,2755.0,2724.800048828125,2755.0,1439.0
2179,2025-01-22,2754.5,2768.800048828125,2753.5,2767.60009765625,2079.0
2180,2025-01-23,2760.0,2765.0,2745.39990234375,2763.10009765625,2201.0
2181,2025-01-24,2759.800048828125,2792.0,2759.800048828125,2777.300048828125,1593.0
2182,2025-01-27,2761.10009765625,2762.199951171875,2737.5,2737.5,984.0
2183,2025-01-28,2738.0,2766.800048828125,2738.0,2766.800048828125,2307.0
2184,2025-01-29,2769.10009765625,2769.10009765625,2769.10009765625,2769.10009765625,125692.0
2185,2025-01-30,2772.5,2829.5,2770.0,2823.0,40141.0
2186,2025-01-31,2829.0,2838.0,2804.0,2812.5,3443.0
2187,2025-02-03,2818.199951171875,2848.39990234375,2780.89990234375,2833.89990234375,2649.0
2188,2025-02-04,2827.60009765625,2853.300048828125,2816.10009765625,2853.300048828125,2187.0
2189,2025-02-05,2850.0,2880.5,2848.0,2871.60009765625,4519.0
2190,2025-02-06,2865.199951171875,2871.699951171875,2836.300048828125,2856.0,3116.0
2191,2025-02-07,2859.89990234375,2889.5,2857.800048828125,2867.300048828125,1822.0
2192,2025-02-10,2864.199951171875,2916.10009765625,2863.800048828125,2914.300048828125,2237.0
2193,2025-02-11,2925.5,2945.39990234375,2890.0,2912.5,2554.0
2194,2025-02-12,2902.0,2912.300048828125,2868.60009765625,2909.0,2504.0
2195,2025-02-13,2911.300048828125,2937.699951171875,2910.60009765625,2925.89990234375,4670.0
2196,2025-02-14,2937.300048828125,2944.39990234375,2874.800048828125,2883.60009765625,1992.0
2197,2025-02-18,2879.199951171875,2936.39990234375,2873.800048828125,2931.60009765625,4010.0
2198,2025-02-19,2938.699951171875,2946.0,2917.10009765625,2919.39990234375,2630.0
2199,2025-02-20,2949.10009765625,2955.800048828125,2924.199951171875,2940.0,656.0
2200,2025-02-21,2938.800048828125,2940.0,2917.300048828125,2937.60009765625,570.0
2201,2025-02-24,2933.10009765625,2957.89990234375,2933.10009765625,2947.89990234375,415.0
2202,2025-02-25,2938.699951171875,2943.199951171875,2890.0,2904.5,1854.0
2203,2025-02-26,2913.5,2917.0,2913.0,2916.800048828125,2050.0
2204,2025-02-27,2918.5,2922.800048828125,2870.39990234375,2883.199951171875,3215.0
2205,2025-02-28,2877.10009765625,2877.10009765625,2834.10009765625,2836.800048828125,990.0
2206,2025-03-03,2872.699951171875,2891.800048828125,2863.39990234375,2890.199951171875,423.0
2207,2025-03-04,2886.10009765625,2927.89990234375,2886.10009765625,2909.60009765625,885.0
2208,2025-03-05,2916.699951171875,2922.0,2893.0,2915.300048828125,551.0
2209,2025-03-06,2904.0,2918.60009765625,2903.800048828125,2916.60009765625,870.0
2210,2025-03-07,2900.89990234375,2927.300048828125,2900.5,2904.699951171875,531.0
2211,2025-03-10,2910.10009765625,2915.10009765625,2880.199951171875,2891.0,55.0
2212,2025-03-11,2884.39990234375,2916.699951171875,2880.39990234375,2912.89990234375,197.0
2213,2025-03-12,2912.0,2939.10009765625,2910.0,2939.10009765625,213.0
2214,2025-03-13,2937.10009765625,2988.0,2935.199951171875,2984.300048828125,2366.0
2215,2025-03-14,2994.39990234375,3004.800048828125,2986.0,2994.5,1800.0
2216,2025-03-17,2991.0,3001.5,2989.0,3000.0,214.0
2217,2025-03-18,3006.39990234375,3039.199951171875,3004.39990234375,3035.10009765625,428.0
2218,2025-03-19,3035.199951171875,3050.89990234375,3030.89990234375,3035.89990234375,175.0
2219,2025-03-20,3047.300048828125,3047.300048828125,3034.39990234375,3040.0,185.0
2220,2025-03-21,3034.5,3037.5,3000.89990234375,3018.199951171875,151.0
2221,2025-03-24,3024.300048828125,3024.300048828125,3006.0,3013.10009765625,137.0
2222,2025-03-25,3026.39990234375,3028.800048828125,3023.699951171875,3023.699951171875,74.0
2223,2025-03-26,3033.199951171875,3033.199951171875,3019.5,3020.89990234375,83.0
2224,2025-03-27,3025.5,3065.0,3025.5,3060.199951171875,124359.0
2225,2025-03-28,3069.699951171875,3094.89990234375,3066.800048828125,3086.5,31206.0
2226,2025-03-31,3091.0,3132.5,3086.0,3122.800048828125,3438.0
2227,2025-04-01,3129.699951171875,3149.5,3104.0,3118.89990234375,1721.0
2228,2025-04-02,3120.699951171875,3168.60009765625,3117.39990234375,3139.89990234375,5946.0
2229,2025-04-03,3150.0,3166.89990234375,3052.0,3097.0,5516.0
2230,2025-04-04,3110.5,3127.699951171875,3011.0,3012.0,3247.0
2231,2025-04-07,3016.39990234375,3050.800048828125,2949.699951171875,2951.300048828125,4424.0
2232,2025-04-08,2994.0,3014.5,2968.39990234375,2968.39990234375,3213.0
2233,2025-04-09,2965.800048828125,3090.39990234375,2965.800048828125,3056.5,2175.0
2234,2025-04-10,3073.89990234375,3167.0,3072.10009765625,3155.199951171875,3456.0
2235,2025-04-11,3182.10009765625,3235.0,3182.10009765625,3222.199951171875,862.0
2236,2025-04-14,3215.5,3228.800048828125,3194.5,3204.800048828125,263.0
2237,2025-04-15,3216.0,3218.699951171875,3214.0,3218.699951171875,390.0
2238,2025-04-16,3238.300048828125,3334.89990234375,3238.300048828125,3326.60009765625,1874.0
2239,2025-04-17,3345.0,3345.0,3287.800048828125,3308.699951171875,824.0
2240,2025-04-21,3342.199951171875,3418.5,3342.199951171875,3406.199951171875,78.0
2241,2025-04-22,3422.199951171875,3485.60009765625,3361.699951171875,3400.800048828125,785.0
2242,2025-04-23,3321.199951171875,3370.300048828125,3256.199951171875,3276.300048828125,331.0
2243,2025-04-24,3305.39990234375,3353.89990234375,3304.89990234375,3332.0,560.0
2244,2025-04-25,3355.5,3355.5,3266.10009765625,3282.39990234375,162.0
2245,2025-04-28,3284.5,3332.5,3284.5,3332.5,1300.0
2246,2025-04-29,3340.0,3340.0,3299.89990234375,3318.800048828125,1278.0
2247,2025-04-30,3318.699951171875,3318.699951171875,3268.0,3305.0,207.0
2248,2025-05-01,3272.89990234375,3275.0,3198.60009765625,3210.0,2131.0
2249,2025-05-02,3239.89990234375,3257.0,3225.0,3231.89990234375,1349.0
2250,2025-05-05,3242.699951171875,3315.699951171875,3239.699951171875,3311.300048828125,244.0
2251,2025-05-06,3365.5,3430.89990234375,3356.800048828125,3411.39990234375,2357.0
2252,2025-05-07,3418.699951171875,3418.699951171875,3364.699951171875,3381.39990234375,1080.0
2253,2025-05-08,3390.0,3390.0,3288.699951171875,3296.60009765625,200.0
2254,2025-05-09,3299.0,3335.5,3299.0,3335.39990234375,216.0
2255,2025-05-12,3300.699951171875,3300.699951171875,3205.0,3220.0,886.0
2256,2025-05-13,3232.0,3251.39990234375,3223.5,3240.300048828125,2424.0
2257,2025-05-14,3233.0,3233.0,3171.699951171875,3181.39990234375,3518.0
2258,2025-05-15,3151.0,3228.10009765625,3125.0,3220.699951171875,652.0
2259,2025-05-16,3227.699951171875,3228.10009765625,3173.89990234375,3182.0,199.0
2260,2025-05-19,3234.39990234375,3241.0,3228.300048828125,3228.89990234375,266.0
2261,2025-05-20,3219.0,3293.199951171875,3207.5,3280.300048828125,356.0
2262,2025-05-21,3293.39990234375,3317.5,3290.199951171875,3309.300048828125,979.0
2263,2025-05-22,3327.300048828125,3328.0,3282.699951171875,3292.300048828125,1210.0
2264,2025-05-23,3328.0,3363.60009765625,3323.5,3363.60009765625,47.0
2265,2025-05-27,3332.5,3341.0,3296.300048828125,3299.10009765625,189.0
2266,2025-05-28,3293.60009765625,3293.60009765625,3293.60009765625,3293.60009765625,127758.0
2267,2025-05-29,3283.699951171875,3328.800048828125,3242.39990234375,3317.10009765625,24370.0
2268,2025-05-30,3315.10009765625,3318.0,3270.89990234375,3288.89990234375,2213.0
2269,2025-06-02,3296.89990234375,3380.800048828125,3296.89990234375,3370.60009765625,976.0
2270,2025-06-03,3385.10009765625,3390.0,3331.300048828125,3350.199951171875,6410.0
2271,2025-06-04,3355.0,3380.0,3344.0,3373.5,207.0
2272,2025-06-05,3371.5,3400.0,3343.699951171875,3350.699951171875,731.0
2273,2025-06-06,3364.300048828125,3364.300048828125,3306.0,3322.699951171875,81.0
2274,2025-06-09,3315.60009765625,3334.60009765625,3290.0,3332.10009765625,1887.0
2275,2025-06-10,3302.0,3344.300048828125,3302.0,3320.89990234375,65.0
2276,2025-06-11,3328.0,3356.0,3321.300048828125,3321.300048828125,2106.0
2277,2025-06-12,3363.0,3395.89990234375,3353.39990234375,3380.89990234375,1818.0
2278,2025-06-13,3407.300048828125,3444.0,3407.300048828125,3431.199951171875,499.0
2279,2025-06-16,3442.0,3442.0,3385.39990234375,3396.39990234375,480.0
2280,2025-06-17,3398.300048828125,3398.300048828125,3376.10009765625,3386.60009765625,1477.0
2281,2025-06-18,3385.300048828125,3391.89990234375,3365.10009765625,3389.800048828125,1093.0
2282,2025-06-20,3350.0,3372.89990234375,3341.0,3368.10009765625,709.0
2283,2025-06-23,3365.89990234375,3387.89990234375,3350.0,3377.699951171875,30.0
2284,2025-06-24,3358.0,3358.0,3301.0,3317.39990234375,538.0
2285,2025-06-25,3321.60009765625,3331.199951171875,3310.60009765625,3327.10009765625,373.0
2286,2025-06-26,3332.39990234375,3333.5,3332.39990234375,3333.5,2058.0
2287,2025-06-27,3318.699951171875,3318.699951171875,3253.800048828125,3273.699951171875,284.0
2288,2025-06-30,3265.89990234375,3306.89990234375,3262.0,3294.39990234375,1242.0
2289,2025-07-01,3310.10009765625,3354.10009765625,3310.10009765625,3336.699951171875,371.0
2290,2025-07-02,3329.0,3357.5,3329.0,3348.0,39.0
2291,2025-07-03,3362.0,3362.0,3322.300048828125,3331.60009765625,110.66666666666667
2292,2025-07-04,3342.0,3342.0,3332.5,3332.5,182.33333333333334
2293,2025-07-07,3305.5,3333.300048828125,3299.199951171875,3332.199951171875,254.0
2294,2025-07-08,3330.39990234375,3334.5,3287.60009765625,3307.0,909.0
2295,2025-07-09,3289.39990234375,3314.0,3282.0,3311.60009765625,114.0
2296,2025-07-10,3323.60009765625,3330.5,3311.60009765625,3317.39990234375,209.0
2297,2025-07-11,3330.5,3370.0,3330.5,3356.0,776.0
2298,2025-07-14,3367.0,3375.5,3350.0,3351.5,583.0
2299,2025-07-15,3341.0,3341.0,3329.800048828125,3329.800048828125,210.0
2300,2025-07-16,3341.199951171875,3352.89990234375,3329.5,3352.5,10.0
2301,2025-07-17,3313.800048828125,3340.800048828125,3313.800048828125,3340.10009765625,667.0
2302,2025-07-18,3338.199951171875,3353.0,3338.199951171875,3353.0,602.0
2303,2025-07-21,3350.300048828125,3411.699951171875,3350.300048828125,3401.89990234375,53.0
2304,2025-07-22,3411.0,3441.0,3395.60009765625,3439.199951171875,39.0
2305,2025-07-23,3430.300048828125,3433.89990234375,3388.10009765625,3394.10009765625,63.0
2306,2025-07-24,3367.0,3371.0,3367.0,3371.0,1175.0
2307,2025-07-25,3344.0,3345.0,3326.5,3334.0,67.0
2308,2025-07-28,3326.60009765625,3326.800048828125,3309.10009765625,3309.10009765625,533.0
2309,2025-07-29,3323.39990234375,3323.39990234375,3323.39990234375,3323.39990234375,113144.0
2310,2025-07-30,3325.800048828125,3331.800048828125,3263.89990234375,3295.800048828125,19252.0
2311,2025-07-31,3272.89990234375,3312.0,3272.89990234375,3293.199951171875,3704.0
2312,2025-08-01,3286.199951171875,3360.60009765625,3281.0,3347.699951171875,3420.0
2313,2025-08-04,3367.60009765625,3386.5,3347.39990234375,3374.39990234375,351.0
2314,2025-08-05,3378.5,3387.199951171875,3351.199951171875,3381.89990234375,915.0
2315,2025-08-06,3380.699951171875,3383.300048828125,3361.300048828125,3380.0,1492.0
2316,2025-08-07,3384.89990234375,3422.89990234375,3384.89990234375,3400.300048828125,5464.0
2317,2025-08-08,3438.800048828125,3477.0,3402.5,3439.10009765625,7657.0
2318,2025-08-11,3383.89990234375,3383.89990234375,3349.199951171875,3353.10009765625,1488.0
2319,2025-08-12,3356.199951171875,3356.199951171875,3330.10009765625,3348.89990234375,1611.0
2320,2025-08-13,3358.800048828125,3363.39990234375,3358.699951171875,3358.699951171875,1011.0
2321,2025-08-14,3346.800048828125,3356.0,3328.89990234375,3335.199951171875,592.0
2322,2025-08-15,3346.800048828125,3346.800048828125,3335.89990234375,3336.0,1185.0
2323,2025-08-18,3333.5,3347.800048828125,3331.699951171875,3331.699951171875,646.0
2324,2025-08-19,3330.199951171875,3343.5,3313.39990234375,3313.39990234375,1655.0
2325,2025-08-20,3310.60009765625,3343.5,3310.10009765625,3343.39990234375,1213.0
2326,2025-08-21,3349.39990234375,3349.39990234375,3326.5,3336.89990234375,142.0
2327,2025-08-22,3349.39990234375,3377.699951171875,3349.39990234375,3374.39990234375,1240.0
2328,2025-08-25,3366.0,3378.0,3366.0,3373.800048828125,1044.0
2329,2025-08-26,3378.89990234375,3396.5,3371.10009765625,3388.60009765625,905.0
2330,2025-08-27,3397.0,3404.60009765625,3382.0,3404.60009765625,3222.0
2331,2025-08-28,3409.0,3434.60009765625,3400.0,3431.800048828125,1035.0
2332,2025-08-29,3432.5,3475.60009765625,3426.60009765625,3473.699951171875,846.5
2333,2025-09-02,3485.699951171875,3559.199951171875,3485.699951171875,3549.39990234375,658.0
2334,2025-09-03,3554.800048828125,3593.699951171875,3553.199951171875,3593.199951171875,72.0
2335,2025-09-04,3549.89990234375,3573.60009765625,3549.89990234375,3565.800048828125,237.0
2336,2025-09-05,3567.800048828125,3613.199951171875,3567.800048828125,3613.199951171875,925.0
2337,2025-09-08,3594.5,3641.0,3590.0,3638.10009765625,97.0
2338,2025-09-09,3647.10009765625,3670.39990234375,3627.800048828125,3643.300048828125,535.0
2339,2025-09-10,3625.0,3655.39990234375,3620.800048828125,3643.60009765625,136.0
2340,2025-09-11,3632.89990234375,3636.89990234375,3618.39990234375,3636.89990234375,307.0
2341,2025-09-12,3655.5,3656.800048828125,3643.0,3649.39990234375,1300.0
2342,2025-09-15,3640.0,3686.39990234375,3635.10009765625,3682.199951171875,210.0
2343,2025-09-16,3681.39990234375,3698.60009765625,3681.39990234375,3688.89990234375,373.0
2344,2025-09-17,3669.0,3685.199951171875,3661.60009765625,3681.800048828125,183.0
2345,2025-09-18,3654.60009765625,3667.39990234375,3637.0,3643.699951171875,80.0
2346,2025-09-19,3659.0,3685.89990234375,3658.199951171875,3671.5,211.0
2347,2025-09-22,3688.199951171875,3748.199951171875,3688.0,3740.699951171875,410.0
2348,2025-09-23,3747.0,3786.0,3740.0,3780.60009765625,627.0
2349,2025-09-24,3769.800048828125,3772.5,3732.10009765625,3732.10009765625,588.0
2350,2025-09-25,3742.800048828125,3756.0,3724.699951171875,3736.89990234375,1899.0
2351,2025-09-26,3775.300048828125,3775.300048828125,3775.300048828125,3775.300048828125,19308.0
2352,2025-09-29,3754.800048828125,3827.60009765625,3754.800048828125,3820.89990234375,8860.0
2353,2025-09-30,3827.5,3865.5,3793.39990234375,3840.800048828125,1611.0
2354,2025-10-01,3863.5,3891.89990234375,3853.300048828125,3867.5,1778.0
2355,2025-10-02,3856.199951171875,3888.60009765625,3823.699951171875,3839.699951171875,3418.0
2356,2025-10-03,3855.199951171875,3886.800048828125,3853.699951171875,3880.800048828125,392.0
2357,2025-10-06,3931.300048828125,3960.0,3926.800048828125,3948.5,1267.0
2358,2025-10-07,3959.39990234375,3981.5,3940.0,3976.60009765625,2903.0
2359,2025-10-08,3987.199951171875,4049.199951171875,3987.199951171875,4043.300048828125,2179.0
2360,2025-10-09,4011.199951171875,4046.199951171875,3940.0,3946.300048828125,3130.0
2361,2025-10-10,3957.0,4012.0,3945.5,3975.89990234375,1697.0
2362,2025-10-13,4016.0,4111.0,4016.0,4108.60009765625,1697.0
2363,2025-10-14,4131.7001953125,4160.10009765625,4085.800048828125,4138.7001953125,2424.0
2364,2025-10-15,4145.0,4210.60009765625,4145.0,4176.89990234375,3287.0
2365,2025-10-16,4198.7998046875,4307.0,4196.60009765625,4280.2001953125,4705.0
2366,2025-10-17,4354.7001953125,4358.0,4182.2001953125,4189.89990234375,4060.0
2367,2025-10-20,4244.10009765625,4356.60009765625,4214.60009765625,4336.39990234375,1750.0
2368,2025-10-21,4332.7001953125,4332.7001953125,4087.699951171875,4087.699951171875,2943.0
2369,2025-10-22,4109.7001953125,4148.5,4006.0,4044.39990234375,1237.0
2370,2025-10-23,4078.39990234375,4136.7998046875,4070.699951171875,4125.5,354.0
2371,2025-10-24,4117.5,4120.60009765625,4074.89990234375,4118.39990234375,123.0
2372,2025-10-27,4060.0,4078.60009765625,3971.300048828125,4001.89990234375,220.0
2373,2025-10-28,3929.699951171875,3966.199951171875,3923.60009765625,3966.199951171875,219.0
2374,2025-10-29,3983.699951171875,3983.699951171875,3983.699951171875,3983.699951171875,1344.0
2375,2025-10-30,3960.0,4027.199951171875,3913.699951171875,4001.300048828125,935.0
2376,2025-10-31,4034.5,4034.5,3976.60009765625,3982.199951171875,559.0
2377,2025-11-03,3976.199951171875,4020.0,3959.0,4000.300048828125,608.0
2378,2025-11-04,3994.199951171875,3995.39990234375,3927.39990234375,3947.699951171875,657.0
2379,2025-11-05,3929.89990234375,3983.5,3929.89990234375,3980.300048828125,559.0
2380,2025-11-06,4004.0,4007.5,3979.89990234375,3979.89990234375,650.0
2381,2025-11-07,3980.800048828125,3999.39990234375,3980.800048828125,3999.39990234375,245.0
2382,2025-11-10,4060.0,4111.7998046875,4060.0,4111.7998046875,189.0
2383,2025-11-11,4140.10009765625,4140.10009765625,4106.7998046875,4106.7998046875,569.0
2384,2025-11-12,4115.60009765625,4204.39990234375,4102.89990234375,4204.39990234375,396.0
2385,2025-11-13,4228.7001953125,4228.7001953125,4163.7001953125,4186.89990234375,167.0
2386,2025-11-14,4197.7001953125,4197.89990234375,4047.0,4087.60009765625,483.0
2387,2025-11-17,4070.0,4099.5,4019.39990234375,4068.300048828125,1552.0
2388,2025-11-18,4037.39990234375,4063.39990234375,4035.60009765625,4061.300048828125,1375.0
2389,2025-11-19,4086.10009765625,4122.7001953125,4072.0,4077.699951171875,486.0
2390,2025-11-20,4045.0,4090.39990234375,4040.199951171875,4056.5,202.0
2391,2025-11-21,4031.800048828125,4085.199951171875,4031.800048828125,4076.699951171875,171.0
2392,2025-11-24,4060.5,4091.89990234375,4060.5,4091.89990234375,591.0
2393,2025-11-25,4139.2001953125,4139.2001953125,4139.2001953125,4139.2001953125,132704.0
2394,2025-11-26,4128.60009765625,4171.0,4127.5,4165.2001953125,25088.0
2395,2025-11-28,4163.39990234375,4223.89990234375,4140.0,4218.2998046875,3615.0
2396,2025-12-01,4218.5,4262.10009765625,4214.89990234375,4239.2998046875,913.0
2397,2025-12-02,4230.5,4230.5,4167.0,4186.60009765625,366.0
2398,2025-12-03,4215.7001953125,4234.10009765625,4195.7001953125,4199.2998046875,1897.0
2399,2025-12-04,4211.0,4211.7998046875,4175.0,4211.7998046875,616.0
2400,2025-12-05,4204.10009765625,4255.7001953125,4194.5,4212.89990234375,533.0
2401,2025-12-08,4205.5,4215.7998046875,4175.5,4187.2001953125,318.0
2402,2025-12-09,4190.7001953125,4219.7001953125,4177.7001953125,4206.7001953125,660.0
2403,2025-12-10,4209.0,4234.5,4183.60009765625,4196.39990234375,692.0
2404,2025-12-11,4224.0,4286.89990234375,4214.2998046875,4285.5,528.0
2405,2025-12-12,4276.39990234375,4355.0,4260.0,4300.10009765625,1531.0
2406,2025-12-15,4308.2998046875,4349.2001953125,4292.89990234375,4306.7001953125,854.0
2407,2025-12-16,4270.5,4321.39990234375,4270.5,4304.5,1796.0
2408,2025-12-17,4308.5,4351.39990234375,4308.5,4347.5,2169.0
2409,2025-12-18,4331.0,4348.10009765625,4328.2001953125,4339.5,705.0
2410,2025-12-19,4350.10009765625,4361.39990234375,4350.10009765625,4361.39990234375,1065.0
2411,2025-12-22,4371.10009765625,4447.60009765625,4371.10009765625,4444.60009765625,449.0
2412,2025-12-23,4503.2998046875,4503.7998046875,4450.39990234375,4482.7998046875,694.0
2413,2025-12-24,4500.7001953125,4503.39990234375,4468.39990234375,4480.60009765625,500.0
2414,2025-12-26,4512.0,4556.2998046875,4502.0,4529.10009765625,263.0
2415,2025-12-29,4371.5,4379.0,4325.10009765625,4325.10009765625,2044.0
2416,2025-12-30,4346.39990234375,4403.60009765625,4338.0,4370.10009765625,1837.0
2417,2025-12-31,4333.5,4363.7998046875,4285.0,4325.60009765625,785.0
2418,2026-01-02,4350.60009765625,4350.60009765625,4314.39990234375,4314.39990234375,589.0
2419,2026-01-05,4386.7001953125,4443.5,4384.7998046875,4436.89990234375,618.0
2420,2026-01-06,4449.7001953125,4482.2001953125,4449.0,4482.2001953125,459.0
2421,2026-01-07,4450.0,4450.0,4449.2998046875,4449.2998046875,972.0
2422,2026-01-08,4460.2001953125,4461.2998046875,4418.0,4449.7001953125,2423.0
2423,2026-01-09,4473.0,4490.2998046875,4473.0,4490.2998046875,237.0
2424,2026-01-12,4579.10009765625,4620.0,4577.7998046875,4604.2998046875,156.0
2425,2026-01-13,4578.60009765625,4617.10009765625,4578.60009765625,4589.2001953125,239.0
2426,2026-01-14,4610.2998046875,4635.0,4608.2001953125,4626.2998046875,1313.0
2427,2026-01-15,4612.89990234375,4616.2998046875,4612.89990234375,4616.2998046875,4358.0
2428,2026-01-16,4608.0,4608.0,4588.39990234375,4588.39990234375,352.0
2429,2026-01-20,4662.2001953125,4764.0,4661.7998046875,4759.60009765625,175.0
2430,2026-01-21,4863.5,4872.2998046875,4771.5,4831.7998046875,1706.0
2431,2026-01-22,4791.89990234375,4908.7998046875,4791.89990234375,4908.7998046875,1175.0
2432,2026-01-23,4949.60009765625,4976.2001953125,4936.0,4976.2001953125,169.0
2433,2026-01-26,5081.5,5095.60009765625,5052.2001953125,5079.7001953125,180.0
2434,2026-01-27,5079.89990234375,5079.89990234375,5079.89990234375,5079.89990234375,34.0
2435,2026-01-28,5301.60009765625,5301.60009765625,5301.60009765625,5301.60009765625,112054.0
2436,2026-01-29,5415.7001953125,5586.2001953125,5097.5,5318.39990234375,23709.0
2437,2026-01-30,5376.39990234375,5440.5,4700.0,4713.89990234375,8374.0
2438,2026-02-02,4807.7001953125,4855.7998046875,4400.0,4622.5,3588.0
2439,2026-02-03,4680.0,4984.60009765625,4674.2998046875,4903.7001953125,1213.0
2440,2026-02-04,4923.2998046875,5082.2001953125,4897.89990234375,4920.39990234375,3886.0
2441,2026-02-05,5008.7001953125,5012.2998046875,4786.0,4861.39990234375,793.0
2442,2026-02-06,4762.0,4958.5,4655.0,4951.2001953125,1386.0
2443,2026-02-09,5017.39990234375,5065.7001953125,4979.10009765625,5050.89990234375,170.0
2444,2026-02-10,5013.5,5029.0,5002.7001953125,5003.7998046875,281.0
2445,2026-02-11,5049.89990234375,5111.2998046875,5041.2998046875,5071.60009765625,2681.0
2446,2026-02-12,5060.39990234375,5078.10009765625,4892.0,4923.7001953125,484.0
2447,2026-02-13,4953.0,5043.89990234375,4946.2001953125,5022.0,232.0
2448,2026-02-17,5020.0,5020.0,4847.7998046875,4882.89990234375,540.0
2449,2026-02-18,4872.2001953125,4987.0,4869.5,4986.5,544.0
2450,2026-02-19,5014.7001953125,5014.7001953125,4975.89990234375,4975.89990234375,37.0
2451,2026-02-20,5039.5,5072.7001953125,5039.5,5059.2998046875,134.0
2452,2026-02-23,5120.2998046875,5211.60009765625,5120.2998046875,5204.7001953125,779.0
2453,2026-02-24,5158.7998046875,5159.0,5112.7001953125,5155.7998046875,88.0
2454,2026-02-25,5166.0,5206.39990234375,5166.0,5206.39990234375,1772.0
2455,2026-02-26,5177.2001953125,5199.2001953125,5143.89990234375,5176.5,1520.0
2456,2026-02-27,5186.7001953125,5280.0,5176.7001953125,5230.5,354.0
2457,2026-03-02,5346.60009765625,5405.0,5266.2998046875,5294.39990234375,72.0
2458,2026-03-03,5298.7001953125,5303.7998046875,5023.0,5107.39990234375,1776.0
2459,2026-03-04,5130.7001953125,5180.2001953125,5117.2001953125,5120.2001953125,679.0
2460,2026-03-05,5169.5,5169.5,5054.7001953125,5065.2998046875,1701.0
2461,2026-03-06,5121.0,5146.10009765625,5076.10009765625,5146.10009765625,148.0
2462,2026-03-09,5155.0,5160.60009765625,5077.7001953125,5091.5,639.0
2463,2026-03-10,5138.2001953125,5229.7001953125,5137.60009765625,5229.7001953125,4300.0
2464,2026-03-11,5190.7998046875,5191.2998046875,5167.39990234375,5167.39990234375,633.0
2465,2026-03-12,5137.2001953125,5137.2001953125,5115.7998046875,5115.7998046875,410.0
2466,2026-03-13,5089.60009765625,5117.0,5009.5,5052.5,479.0
2467,2026-03-16,5001.60009765625,5010.60009765625,4994.0,4994.0,130.0
2468,2026-03-17,5017.60009765625,5017.60009765625,4994.2001953125,5001.0,239.0
2469,2026-03-18,4949.60009765625,4949.60009765625,4821.7001953125,4889.89990234375,1461.0
2470,2026-03-19,4830.2998046875,4830.2998046875,4554.0,4600.7001953125,627.0
2471,2026-03-20,4686.89990234375,4686.89990234375,4570.39990234375,4570.39990234375,235.0
2472,2026-03-23,4353.0,4480.39990234375,4100.7998046875,4404.10009765625,544.0
2473,2026-03-24,4338.7001953125,4399.2998046875,4325.2001953125,4399.2998046875,378.0
2474,2026-03-25,4549.0,4551.89990234375,4541.7998046875,4549.7998046875,388.0
2475,2026-03-26,4441.5,4443.10009765625,4375.5,4375.5,1070.0
2476,2026-03-27,4492.0,4492.0,4492.0,4492.0,74348.0
2477,2026-03-30,4482.7998046875,4579.10009765625,4413.39990234375,4526.0,10816.0
2478,2026-03-31,4510.0,4684.10009765625,4508.60009765625,4647.60009765625,4264.0
2479,2026-04-01,4668.39990234375,4789.10009765625,4668.0,4783.2001953125,1637.0
2480,2026-04-02,4764.89990234375,4784.39990234375,4558.89990234375,4651.5,892.5
2481,2026-04-06,4656.10009765625,4689.60009765625,4605.0,4656.7998046875,148.0
2482,2026-04-07,4624.89990234375,4676.2998046875,4608.0,4657.10009765625,327.0
2483,2026-04-08,4760.0,4851.0,4738.7998046875,4749.5,405.0
2484,2026-04-09,4711.0,4799.10009765625,4711.0,4792.2001953125,1277.0
2485,2026-04-10,4745.89990234375,4791.0,4744.89990234375,4761.89990234375,812.0
2486,2026-04-13,4704.0,4742.39990234375,4704.0,4742.39990234375,32.0
2487,2026-04-14,4770.10009765625,4841.60009765625,4770.10009765625,4825.0,288.0
2488,2026-04-15,4843.60009765625,4843.60009765625,4798.0,4800.0,182.0
2489,2026-04-16,4810.89990234375,4810.89990234375,4785.39990234375,4785.39990234375,805.0
2490,2026-04-17,4771.60009765625,4879.7001953125,4767.2001953125,4857.60009765625,1902.0
2491,2026-04-20,4793.89990234375,4811.0,4770.0,4806.60009765625,724.0
2492,2026-04-21,4698.39990234375,4705.0,4676.39990234375,4698.39990234375,1197.0
2493,2026-04-22,4754.2001953125,4754.2001953125,4732.5,4732.5,765.0
2494,2026-04-23,4711.5,4732.39990234375,4705.10009765625,4705.10009765625,292.0
2495,2026-04-24,4695.0,4722.2998046875,4657.5,4722.2998046875,45.0
2496,2026-04-27,4707.60009765625,4711.10009765625,4675.39990234375,4675.39990234375,538.0
2497,2026-04-28,4680.89990234375,4680.89990234375,4591.5,4591.5,2660.0
2498,2026-04-29,4598.60009765625,4601.60009765625,4515.7001953125,4545.2001953125,507.0
2499,2026-04-30,4561.89990234375,4636.7001953125,4561.89990234375,4614.7001953125,77.0
2500,2026-05-01,4636.7001953125,4636.7001953125,4581.7001953125,4629.89990234375,113.0
2501,2026-05-04,4581.2001953125,4581.2001953125,4512.7001953125,4519.5,20.0
2502,2026-05-05,4547.60009765625,4580.5,4547.60009765625,4555.7998046875,426.0
2503,2026-05-06,4663.60009765625,4712.60009765625,4663.60009765625,4681.89990234375,212.0
2504,2026-05-07,4704.7998046875,4736.2001953125,4699.7998046875,4699.7998046875,254.0
2505,2026-05-08,4714.39990234375,4724.7998046875,4713.60009765625,4720.39990234375,120.0
2506,2026-05-11,4729.5,4729.5,4718.7001953125,4718.7001953125,36.0
2507,2026-05-12,4762.2001953125,4765.2001953125,4677.60009765625,4677.60009765625,93.0
2508,2026-05-13,4722.7001953125,4722.7001953125,4679.5,4697.7001953125,228.0
2509,2026-05-14,4678.10009765625,4678.10009765625,4650.2998046875,4678.10009765625,5.0
2510,2026-05-15,4615.2001953125,4615.2001953125,4524.2998046875,4555.7998046875,607.0
2511,2026-05-18,4563.0,4570.2998046875,4538.7001953125,4552.5,607.0
2512,2026-05-19,4570.60009765625,4593.2001953125,4528.60009765625,4542.2001953125,51859.0
